name,commune,address,postal_code,phone,email,production_type
GAEC Vénéjan de Provence,Vénéjan,12 route du Village,30200,0607938396,gaecvénéjandeprovence@ferme.fr,Plantes aromatiques
Ferme Issirac des Garrigues,Issirac,37 chemin de la Plaine,30760,0694821774,fermeissiracdesgarrigues@ferme.fr,Plantes aromatiques
Mas Laval des Oliviers,Laval-Saint-Roman,74 chemin du Rhône,30760,0689259712,maslavaldesoliviers@ferme.fr,Plantes aromatiques
Mas Pont des Garrigues,Pont-Saint-Esprit,5 chemin de la Plaine,30130,0653767224,maspontdesgarrigues@ferme.fr,Arboriculture
Ferme Lirac de Provence,Lirac,72 chemin du Rhône,30126,0603597443,fermeliracdeprovence@ferme.fr,Apiculture
GAEC Cavillargues du Rhône,Cavillargues,140 chemin des Vignes,30330,0670095713,gaeccavillarguesdurhône@ferme.fr,Viticulture
Mas Goudargues des Oliviers,Goudargues,1 chemin de la Garrigue,30630,0661177758,masgoudarguesdesoliviers@ferme.fr,Oléiculture
Clos Montclus du Soleil,Montclus,82 route des Oliviers,30630,0678747659,closmontclusdusoleil@ferme.fr,Élevage bovin
Mas Saint de Provence,Saint-Nazaire,38 route des Oliviers,30200,0692294658,massaintdeprovence@ferme.fr,Élevage bovin
EARL Lirac de Provence,Lirac,42 chemin des Vignes,30126,0623455951,earlliracdeprovence@ferme.fr,Élevage ovin
Ferme Codolet du Soleil,Codolet,60 chemin de la Garrigue,30200,0619638933,fermecodoletdusoleil@ferme.fr,Apiculture
Les Jardins Connaux de Provence,Connaux,85 chemin du Mas,30330,0668999753,lesjardinsconnauxdeprovence@ferme.fr,Maraîchage
EARL Tresques du Rhône,Tresques,25 route du Village,30330,0660354956,earltresquesdurhône@ferme.fr,Arboriculture
Mas Roquemaure des Oliviers,Roquemaure,130 route du Village,30150,0603723324,masroquemauredesoliviers@ferme.fr,Viticulture
Les Jardins Lirac de Provence,Lirac,22 chemin des Vignes,30126,0649191109,lesjardinsliracdeprovence@ferme.fr,Apiculture
Les Jardins Saint de Provence,Saint-Laurent-des-Arbres,100 chemin de la Garrigue,30126,0636614086,lesjardinssaintdeprovence@ferme.fr,Élevage bovin
Domaine Aiguèze du Rhône,Aiguèze,85 chemin de la Garrigue,30760,0650832496,domaineaiguèzedurhône@ferme.fr,Viticulture
GAEC Saint du Soleil,Saint-Paulet-de-Caisson,65 chemin des Vignes,30130,0633319735,gaecsaintdusoleil@ferme.fr,Oléiculture
Mas Issirac des Garrigues,Issirac,114 chemin du Rhône,30760,0675355162,masissiracdesgarrigues@ferme.fr,Viticulture
Domaine Cornillon des Garrigues,Cornillon,17 chemin de la Garrigue,30630,0639645306,domainecornillondesgarrigues@ferme.fr,Élevage bovin
Ferme Cornillon des Oliviers,Cornillon,75 route du Village,30630,0646580253,fermecornillondesoliviers@ferme.fr,Élevage caprin
GAEC Saint des Oliviers,Saint-André-de-Roquepertuis,146 chemin de la Plaine,30630,0697573582,gaecsaintdesoliviers@ferme.fr,Plantes aromatiques
EARL Laudun des Garrigues,Laudun-l'Ardoise,20 route des Oliviers,30290,0618997308,earllaudundesgarrigues@ferme.fr,Arboriculture
Clos Carsan du Soleil,Carsan,17 chemin de la Plaine,30130,0670577397,closcarsandusoleil@ferme.fr,Arboriculture
Ferme Cavillargues de Provence,Cavillargues,111 route du Village,30330,0621174355,fermecavillarguesdeprovence@ferme.fr,Maraîchage
Ferme Salazac des Oliviers,Salazac,68 chemin des Lavandes,30760,0656288512,fermesalazacdesoliviers@ferme.fr,Céréales
EARL Codolet de Provence,Codolet,110 route des Oliviers,30200,0672287567,earlcodoletdeprovence@ferme.fr,Oléiculture
Les Jardins Laudun des Oliviers,Laudun-l'Ardoise,136 chemin du Rhône,30290,0685183197,lesjardinslaudundesoliviers@ferme.fr,Céréales
Domaine Bagnols de Provence,Bagnols-sur-Cèze,77 chemin de la Plaine,30200,0618886910,domainebagnolsdeprovence@ferme.fr,Élevage caprin
Ferme Saint des Garrigues,Saint-Nazaire,3 chemin de la Plaine,30200,0683440397,fermesaintdesgarrigues@ferme.fr,Oléiculture
Les Jardins Le Garn des Garrigues,Le Garn,14 chemin du Mas,30760,0602978376,lesjardinslegarndesgarrigues@ferme.fr,Élevage bovin
EARL La Roque de Provence,La Roque-sur-Cèze,4 chemin du Rhône,30200,0659987461,earllaroquedeprovence@ferme.fr,Élevage ovin
Domaine Aiguèze du Rhône,Aiguèze,56 route du Village,30760,0639262362,domaineaiguèzedurhône@ferme.fr,Élevage caprin
Domaine Carsan de Provence,Carsan,145 route du Village,30130,0659201715,domainecarsandeprovence@ferme.fr,Céréales
Clos Tavel de Provence,Tavel,140 route des Oliviers,30126,0684728428,clostaveldeprovence@ferme.fr,Arboriculture
Ferme Issirac du Rhône,Issirac,13 chemin des Lavandes,30760,0630685735,fermeissiracdurhône@ferme.fr,Maraîchage
GAEC Tavel du Soleil,Tavel,12 chemin du Rhône,30126,0689833932,gaectaveldusoleil@ferme.fr,Viticulture
Clos Sabran du Soleil,Sabran,87 chemin de la Plaine,30200,0615322043,clossabrandusoleil@ferme.fr,Viticulture
GAEC Bagnols des Oliviers,Bagnols-sur-Cèze,34 chemin des Vignes,30200,0680194707,gaecbagnolsdesoliviers@ferme.fr,Plantes aromatiques
EARL Laudun du Rhône,Laudun-l'Ardoise,104 route du Village,30290,0643308722,earllaudundurhône@ferme.fr,Plantes aromatiques
Ferme Cavillargues du Rhône,Cavillargues,47 route des Oliviers,30330,0629056832,fermecavillarguesdurhône@ferme.fr,Viticulture
Mas Roquemaure de Provence,Roquemaure,35 chemin des Lavandes,30150,0636416991,masroquemauredeprovence@ferme.fr,Élevage caprin
Ferme Saint du Rhône,Saint-Laurent-des-Arbres,57 chemin des Lavandes,30126,0681365890,fermesaintdurhône@ferme.fr,Élevage ovin
Domaine Chusclan du Soleil,Chusclan,7 chemin des Vignes,30200,0687727473,domainechusclandusoleil@ferme.fr,Viticulture
Clos La Roque du Soleil,La Roque-sur-Cèze,72 chemin du Mas,30200,0616695177,closlaroquedusoleil@ferme.fr,Céréales
Clos Vénéjan du Rhône,Vénéjan,39 route des Oliviers,30200,0639805126,closvénéjandurhône@ferme.fr,Arboriculture
Les Jardins La Roque des Garrigues,La Roque-sur-Cèze,31 route du Village,30200,0617433450,lesjardinslaroquedesgarrigues@ferme.fr,Oléiculture
Les Jardins Goudargues des Garrigues,Goudargues,135 route des Oliviers,30630,0655823087,lesjardinsgoudarguesdesgarrigues@ferme.fr,Maraîchage
Mas Le Garn du Soleil,Le Garn,130 route du Village,30760,0648675094,maslegarndusoleil@ferme.fr,Élevage caprin
Domaine Le Garn du Soleil,Le Garn,54 chemin de la Plaine,30760,0663064928,domainelegarndusoleil@ferme.fr,Céréales
GAEC Issirac du Rhône,Issirac,145 chemin des Vignes,30760,0625684261,gaecissiracdurhône@ferme.fr,Élevage ovin
GAEC Carsan des Oliviers,Carsan,7 chemin des Lavandes,30130,0635131722,gaeccarsandesoliviers@ferme.fr,Viticulture
EARL Montclus de Provence,Montclus,131 route du Village,30630,0696766286,earlmontclusdeprovence@ferme.fr,Apiculture
Domaine Codolet des Garrigues,Codolet,121 chemin du Mas,30200,0675013235,domainecodoletdesgarrigues@ferme.fr,Maraîchage
Domaine Connaux des Garrigues,Connaux,65 chemin du Rhône,30330,0629449898,domaineconnauxdesgarrigues@ferme.fr,Maraîchage
Mas Le Garn de Provence,Le Garn,10 route du Village,30760,0687301321,maslegarndeprovence@ferme.fr,Céréales
Les Jardins Goudargues du Soleil,Goudargues,62 chemin des Vignes,30630,0641760506,lesjardinsgoudarguesdusoleil@ferme.fr,Élevage ovin
EARL Saint du Rhône,Saint-Julien-de-Peyrolas,31 chemin des Lavandes,30760,0635895850,earlsaintdurhône@ferme.fr,Viticulture
EARL Verfeuil des Garrigues,Verfeuil,29 chemin de la Garrigue,30630,0641599272,earlverfeuildesgarrigues@ferme.fr,Maraîchage
GAEC Tavel de Provence,Tavel,94 route des Oliviers,30126,0690894568,gaectaveldeprovence@ferme.fr,Arboriculture
EARL Aiguèze des Garrigues,Aiguèze,1 chemin du Mas,30760,0693683199,earlaiguèzedesgarrigues@ferme.fr,Élevage ovin
Ferme Laval de Provence,Laval-Saint-Roman,135 chemin de la Garrigue,30760,0674353020,fermelavaldeprovence@ferme.fr,Élevage ovin
Mas Tavel du Rhône,Tavel,81 chemin des Vignes,30126,0697096464,mastaveldurhône@ferme.fr,Plantes aromatiques
Ferme Laudun du Soleil,Laudun-l'Ardoise,110 route des Oliviers,30290,0642474357,fermelaudundusoleil@ferme.fr,Élevage ovin
Les Jardins Bagnols du Rhône,Bagnols-sur-Cèze,150 route des Oliviers,30200,0656707228,lesjardinsbagnolsdurhône@ferme.fr,Oléiculture
EARL Carsan des Oliviers,Carsan,18 route des Oliviers,30130,0630425278,earlcarsandesoliviers@ferme.fr,Oléiculture
EARL Cornillon de Provence,Cornillon,80 chemin des Vignes,30630,0656714494,earlcornillondeprovence@ferme.fr,Arboriculture
GAEC La Roque de Provence,La Roque-sur-Cèze,22 route du Village,30200,0690655573,gaeclaroquedeprovence@ferme.fr,Céréales
Les Jardins Saint des Oliviers,Saint-Julien-de-Peyrolas,41 chemin du Mas,30760,0655388333,lesjardinssaintdesoliviers@ferme.fr,Plantes aromatiques
Mas Saint de Provence,Saint-Laurent-des-Arbres,65 chemin du Rhône,30126,0648050734,massaintdeprovence@ferme.fr,Arboriculture
Domaine Issirac du Soleil,Issirac,57 route du Village,30760,0609484665,domaineissiracdusoleil@ferme.fr,Élevage bovin
Mas Sabran du Soleil,Sabran,44 route des Oliviers,30200,0601540782,massabrandusoleil@ferme.fr,Élevage caprin
Les Jardins Cavillargues des Oliviers,Cavillargues,60 route du Village,30330,0671126953,lesjardinscavillarguesdesoliviers@ferme.fr,Élevage ovin
Clos Tavel du Rhône,Tavel,16 chemin des Vignes,30126,0655906790,clostaveldurhône@ferme.fr,Céréales
GAEC Tavel du Rhône,Tavel,39 route des Oliviers,30126,0679521967,gaectaveldurhône@ferme.fr,Plantes aromatiques
GAEC Pont des Oliviers,Pont-Saint-Esprit,44 chemin du Rhône,30130,0606057946,gaecpontdesoliviers@ferme.fr,Plantes aromatiques
Ferme Connaux de Provence,Connaux,6 chemin de la Garrigue,30330,0674368217,fermeconnauxdeprovence@ferme.fr,Viticulture
Clos Saint des Oliviers,Saint-Nazaire,54 chemin des Vignes,30200,0664194650,clossaintdesoliviers@ferme.fr,Apiculture
EARL Saint du Soleil,Saint-Julien-de-Peyrolas,65 chemin des Vignes,30760,0631634555,earlsaintdusoleil@ferme.fr,Viticulture
Les Jardins Carsan des Garrigues,Carsan,57 chemin des Vignes,30130,0676956446,lesjardinscarsandesgarrigues@ferme.fr,Céréales
Les Jardins Saint du Soleil,Saint-Paulet-de-Caisson,113 route des Oliviers,30130,0699917169,lesjardinssaintdusoleil@ferme.fr,Viticulture
Les Jardins Issirac des Oliviers,Issirac,123 route du Village,30760,0608359633,lesjardinsissiracdesoliviers@ferme.fr,Viticulture
Clos Bagnols des Oliviers,Bagnols-sur-Cèze,7 chemin des Vignes,30200,0629007640,closbagnolsdesoliviers@ferme.fr,Arboriculture
Clos Laval du Soleil,Laval-Saint-Roman,48 chemin de la Garrigue,30760,0681694492,closlavaldusoleil@ferme.fr,Oléiculture
Domaine Saint du Soleil,Saint-André-de-Roquepertuis,14 route des Oliviers,30630,0651139709,domainesaintdusoleil@ferme.fr,Élevage caprin
Domaine Saint des Oliviers,Saint-Nazaire,13 chemin de la Plaine,30200,0671128950,domainesaintdesoliviers@ferme.fr,Élevage ovin
Ferme Aiguèze des Oliviers,Aiguèze,36 chemin des Lavandes,30760,0676076731,fermeaiguèzedesoliviers@ferme.fr,Maraîchage
Les Jardins Tavel du Rhône,Tavel,48 chemin de la Garrigue,30126,0630222507,lesjardinstaveldurhône@ferme.fr,Plantes aromatiques
Mas Saint des Oliviers,Saint-Laurent-des-Arbres,91 route des Oliviers,30126,0634158310,massaintdesoliviers@ferme.fr,Arboriculture
EARL Codolet du Soleil,Codolet,17 chemin de la Plaine,30200,0695463837,earlcodoletdusoleil@ferme.fr,Apiculture
GAEC Verfeuil des Garrigues,Verfeuil,3 chemin des Vignes,30630,0610384800,gaecverfeuildesgarrigues@ferme.fr,Oléiculture
GAEC Lirac du Soleil,Lirac,132 chemin des Vignes,30126,0621297940,gaecliracdusoleil@ferme.fr,Arboriculture
Mas Aiguèze de Provence,Aiguèze,17 route des Oliviers,30760,0649349402,masaiguèzedeprovence@ferme.fr,Élevage bovin
Clos Saint du Soleil,Saint-Nazaire,135 chemin de la Garrigue,30200,0639429413,clossaintdusoleil@ferme.fr,Arboriculture
Domaine Orsan de Provence,Orsan,8 chemin des Lavandes,30200,0605517603,domaineorsandeprovence@ferme.fr,Élevage caprin
Ferme Laval des Garrigues,Laval-Saint-Roman,117 route du Village,30760,0672625373,fermelavaldesgarrigues@ferme.fr,Apiculture
Les Jardins Lirac du Rhône,Lirac,4 chemin de la Garrigue,30126,0640245230,lesjardinsliracdurhône@ferme.fr,Élevage ovin
Clos Codolet de Provence,Codolet,96 chemin de la Plaine,30200,0641224126,closcodoletdeprovence@ferme.fr,Arboriculture
EARL Laudun du Soleil,Laudun-l'Ardoise,119 chemin de la Plaine,30290,0635086339,earllaudundusoleil@ferme.fr,Élevage caprin
Domaine Tresques du Rhône,Tresques,150 chemin du Mas,30330,0677408341,domainetresquesdurhône@ferme.fr,Élevage bovin
EARL Tavel du Rhône,Tavel,53 chemin des Vignes,30126,0688233243,earltaveldurhône@ferme.fr,Élevage bovin
EARL Tresques du Rhône,Tresques,148 chemin du Mas,30330,0689982889,earltresquesdurhône@ferme.fr,Apiculture
Domaine Carsan du Soleil,Carsan,29 chemin du Mas,30130,0692244208,domainecarsandusoleil@ferme.fr,Apiculture
Domaine Saint du Soleil,Saint-Laurent-des-Arbres,110 chemin de la Garrigue,30126,0629475643,domainesaintdusoleil@ferme.fr,Maraîchage
Ferme Vénéjan du Rhône,Vénéjan,143 chemin de la Plaine,30200,0693385195,fermevénéjandurhône@ferme.fr,Maraîchage
EARL Montclus des Garrigues,Montclus,54 chemin des Vignes,30630,0601063783,earlmontclusdesgarrigues@ferme.fr,Plantes aromatiques
Ferme Saint des Garrigues,Saint-Julien-de-Peyrolas,21 chemin du Mas,30760,0627208431,fermesaintdesgarrigues@ferme.fr,Viticulture
EARL Saint de Provence,Saint-André-de-Roquepertuis,25 chemin des Lavandes,30630,0635512340,earlsaintdeprovence@ferme.fr,Viticulture
Domaine Vénéjan des Garrigues,Vénéjan,125 chemin des Lavandes,30200,0676575976,domainevénéjandesgarrigues@ferme.fr,Plantes aromatiques
Domaine Roquemaure du Rhône,Roquemaure,47 chemin des Lavandes,30150,0614767179,domaineroquemauredurhône@ferme.fr,Élevage ovin
EARL Aiguèze du Soleil,Aiguèze,137 route des Oliviers,30760,0685009654,earlaiguèzedusoleil@ferme.fr,Oléiculture
Mas Saint du Rhône,Saint-Julien-de-Peyrolas,95 chemin de la Plaine,30760,0678774903,massaintdurhône@ferme.fr,Élevage bovin
Ferme Saint des Garrigues,Saint-Laurent-des-Arbres,22 chemin des Lavandes,30126,0611119728,fermesaintdesgarrigues@ferme.fr,Plantes aromatiques
Ferme Cavillargues des Garrigues,Cavillargues,106 chemin du Mas,30330,0658790724,fermecavillarguesdesgarrigues@ferme.fr,Maraîchage
EARL Goudargues du Soleil,Goudargues,72 chemin du Rhône,30630,0682995455,earlgoudarguesdusoleil@ferme.fr,Apiculture
GAEC Saint du Soleil,Saint-André-de-Roquepertuis,149 chemin de la Garrigue,30630,0690357589,gaecsaintdusoleil@ferme.fr,Élevage ovin
Les Jardins Saint du Rhône,Saint-André-de-Roquepertuis,92 chemin du Mas,30630,0654795170,lesjardinssaintdurhône@ferme.fr,Élevage bovin
Clos Saint des Garrigues,Saint-Julien-de-Peyrolas,63 chemin des Vignes,30760,0649232033,clossaintdesgarrigues@ferme.fr,Oléiculture
Clos Montclus des Oliviers,Montclus,64 chemin des Lavandes,30630,0663777517,closmontclusdesoliviers@ferme.fr,Maraîchage
Domaine Carsan du Rhône,Carsan,138 chemin des Lavandes,30130,0654344037,domainecarsandurhône@ferme.fr,Apiculture
Domaine Cornillon des Garrigues,Cornillon,88 chemin du Rhône,30630,0644683132,domainecornillondesgarrigues@ferme.fr,Viticulture
Mas Saint des Oliviers,Saint-Laurent-des-Arbres,94 chemin de la Garrigue,30126,0635161964,massaintdesoliviers@ferme.fr,Élevage bovin
Mas Salazac des Oliviers,Salazac,82 chemin de la Garrigue,30760,0649843655,massalazacdesoliviers@ferme.fr,Viticulture
Les Jardins Laval de Provence,Laval-Saint-Roman,135 chemin du Mas,30760,0686231118,lesjardinslavaldeprovence@ferme.fr,Arboriculture
Domaine Saint du Rhône,Saint-Paulet-de-Caisson,10 chemin de la Garrigue,30130,0607923198,domainesaintdurhône@ferme.fr,Élevage caprin
Clos Aiguèze de Provence,Aiguèze,42 chemin de la Plaine,30760,0624153559,closaiguèzedeprovence@ferme.fr,Arboriculture
Ferme Roquemaure des Oliviers,Roquemaure,97 chemin du Rhône,30150,0678212311,fermeroquemauredesoliviers@ferme.fr,Céréales
Les Jardins Cavillargues de Provence,Cavillargues,32 chemin de la Plaine,30330,0632576039,lesjardinscavillarguesdeprovence@ferme.fr,Apiculture
GAEC Cornillon des Garrigues,Cornillon,128 route des Oliviers,30630,0651932706,gaeccornillondesgarrigues@ferme.fr,Plantes aromatiques
Domaine Le Garn des Garrigues,Le Garn,90 chemin du Rhône,30760,0672660290,domainelegarndesgarrigues@ferme.fr,Oléiculture
Clos Le Garn du Rhône,Le Garn,4 chemin du Rhône,30760,0656589212,closlegarndurhône@ferme.fr,Élevage bovin
Clos Cornillon de Provence,Cornillon,30 chemin des Vignes,30630,0638873561,closcornillondeprovence@ferme.fr,Plantes aromatiques
Domaine Saint des Garrigues,Saint-Gervais,31 chemin des Lavandes,30200,0601850401,domainesaintdesgarrigues@ferme.fr,Arboriculture
Domaine Saint des Oliviers,Saint-Nazaire,61 chemin du Rhône,30200,0639938776,domainesaintdesoliviers@ferme.fr,Arboriculture
Clos Saint du Soleil,Saint-André-de-Roquepertuis,144 chemin de la Garrigue,30630,0601105810,clossaintdusoleil@ferme.fr,Céréales
GAEC Goudargues des Oliviers,Goudargues,142 chemin de la Garrigue,30630,0622340419,gaecgoudarguesdesoliviers@ferme.fr,Maraîchage
Ferme Pont des Oliviers,Pont-Saint-Esprit,150 chemin de la Garrigue,30130,0656513471,fermepontdesoliviers@ferme.fr,Oléiculture
Les Jardins Tresques de Provence,Tresques,27 route des Oliviers,30330,0668676765,lesjardinstresquesdeprovence@ferme.fr,Oléiculture
Mas Lirac du Soleil,Lirac,137 chemin de la Plaine,30126,0624408473,masliracdusoleil@ferme.fr,Maraîchage
GAEC Tavel des Garrigues,Tavel,95 chemin des Vignes,30126,0688736933,gaectaveldesgarrigues@ferme.fr,Élevage ovin
Clos Saint du Rhône,Saint-Gervais,111 chemin des Vignes,30200,0629164996,clossaintdurhône@ferme.fr,Arboriculture
Clos Connaux des Oliviers,Connaux,6 chemin des Vignes,30330,0692227211,closconnauxdesoliviers@ferme.fr,Arboriculture
Les Jardins Pont des Oliviers,Pont-Saint-Esprit,49 route des Oliviers,30130,0666941855,lesjardinspontdesoliviers@ferme.fr,Arboriculture
GAEC Tresques du Soleil,Tresques,142 route du Village,30330,0618461259,gaectresquesdusoleil@ferme.fr,Élevage ovin
GAEC Chusclan du Soleil,Chusclan,1 chemin des Lavandes,30200,0606760378,gaecchusclandusoleil@ferme.fr,Oléiculture
Ferme Tavel du Rhône,Tavel,95 chemin des Vignes,30126,0607146201,fermetaveldurhône@ferme.fr,Apiculture
EARL Codolet de Provence,Codolet,61 chemin de la Plaine,30200,0655019185,earlcodoletdeprovence@ferme.fr,Élevage bovin
GAEC Saint de Provence,Saint-Laurent-des-Arbres,81 chemin du Rhône,30126,0642641453,gaecsaintdeprovence@ferme.fr,Élevage bovin
Ferme La Roque de Provence,La Roque-sur-Cèze,89 route des Oliviers,30200,0646743047,fermelaroquedeprovence@ferme.fr,Céréales
Ferme Bagnols des Garrigues,Bagnols-sur-Cèze,48 route du Village,30200,0645963834,fermebagnolsdesgarrigues@ferme.fr,Élevage bovin
Domaine Salazac du Rhône,Salazac,59 chemin du Rhône,30760,0642446552,domainesalazacdurhône@ferme.fr,Plantes aromatiques
Ferme Montclus du Soleil,Montclus,88 chemin des Lavandes,30630,0669704524,fermemontclusdusoleil@ferme.fr,Céréales
Ferme Roquemaure du Soleil,Roquemaure,126 route des Oliviers,30150,0693147422,fermeroquemauredusoleil@ferme.fr,Plantes aromatiques
GAEC Saint du Rhône,Saint-Nazaire,51 chemin des Lavandes,30200,0692180607,gaecsaintdurhône@ferme.fr,Oléiculture
Ferme Le Garn des Garrigues,Le Garn,9 chemin du Mas,30760,0643640493,fermelegarndesgarrigues@ferme.fr,Maraîchage
Domaine Le Garn du Rhône,Le Garn,22 chemin des Vignes,30760,0662430919,domainelegarndurhône@ferme.fr,Élevage ovin
EARL Sabran de Provence,Sabran,51 chemin des Vignes,30200,0669185706,earlsabrandeprovence@ferme.fr,Oléiculture
Ferme Saint des Garrigues,Saint-André-de-Roquepertuis,84 chemin de la Plaine,30630,0623504842,fermesaintdesgarrigues@ferme.fr,Arboriculture
Mas Montclus de Provence,Montclus,65 chemin de la Plaine,30630,0648000054,masmontclusdeprovence@ferme.fr,Viticulture
Domaine Lirac du Soleil,Lirac,19 chemin du Rhône,30126,0630760261,domaineliracdusoleil@ferme.fr,Oléiculture
Mas Chusclan des Garrigues,Chusclan,34 route du Village,30200,0697820418,maschusclandesgarrigues@ferme.fr,Élevage caprin
GAEC Aiguèze du Rhône,Aiguèze,127 chemin de la Garrigue,30760,0678719708,gaecaiguèzedurhône@ferme.fr,Céréales
Domaine Lirac du Soleil,Lirac,23 chemin des Vignes,30126,0611210388,domaineliracdusoleil@ferme.fr,Oléiculture
Domaine Codolet des Garrigues,Codolet,41 chemin du Mas,30200,0672516514,domainecodoletdesgarrigues@ferme.fr,Élevage ovin
Mas Saint des Garrigues,Saint-André-de-Roquepertuis,54 route du Village,30630,0605027218,massaintdesgarrigues@ferme.fr,Maraîchage
EARL Lirac de Provence,Lirac,67 chemin des Lavandes,30126,0659143767,earlliracdeprovence@ferme.fr,Arboriculture
EARL Tresques du Soleil,Tresques,58 chemin du Rhône,30330,0615929171,earltresquesdusoleil@ferme.fr,Plantes aromatiques
EARL Orsan des Oliviers,Orsan,59 chemin de la Plaine,30200,0698330457,earlorsandesoliviers@ferme.fr,Maraîchage
Mas Bagnols des Oliviers,Bagnols-sur-Cèze,110 chemin des Lavandes,30200,0623098353,masbagnolsdesoliviers@ferme.fr,Élevage caprin
Clos Laudun des Garrigues,Laudun-l'Ardoise,99 chemin du Mas,30290,0608960146,closlaudundesgarrigues@ferme.fr,Élevage bovin
Domaine Verfeuil de Provence,Verfeuil,53 chemin du Rhône,30630,0692140071,domaineverfeuildeprovence@ferme.fr,Céréales
Clos Saint de Provence,Saint-Julien-de-Peyrolas,117 chemin de la Garrigue,30760,0607051477,clossaintdeprovence@ferme.fr,Maraîchage
Clos Goudargues de Provence,Goudargues,47 route du Village,30630,0662481406,closgoudarguesdeprovence@ferme.fr,Viticulture
Les Jardins Bagnols de Provence,Bagnols-sur-Cèze,87 chemin du Mas,30200,0650202789,lesjardinsbagnolsdeprovence@ferme.fr,Arboriculture
Les Jardins La Roque du Rhône,La Roque-sur-Cèze,69 chemin de la Garrigue,30200,0600145582,lesjardinslaroquedurhône@ferme.fr,Élevage caprin
Domaine Sabran du Rhône,Sabran,15 chemin du Rhône,30200,0630107795,domainesabrandurhône@ferme.fr,Viticulture
Les Jardins Laudun du Soleil,Laudun-l'Ardoise,67 chemin des Vignes,30290,0670201018,lesjardinslaudundusoleil@ferme.fr,Arboriculture
Les Jardins Saint de Provence,Saint-Paulet-de-Caisson,105 chemin des Lavandes,30130,0654881606,lesjardinssaintdeprovence@ferme.fr,Viticulture
EARL La Roque des Oliviers,La Roque-sur-Cèze,111 chemin du Rhône,30200,0667893496,earllaroquedesoliviers@ferme.fr,Oléiculture
Mas Chusclan du Soleil,Chusclan,126 chemin de la Garrigue,30200,0664978654,maschusclandusoleil@ferme.fr,Céréales
GAEC Tavel du Soleil,Tavel,89 chemin du Rhône,30126,0601279660,gaectaveldusoleil@ferme.fr,Viticulture
EARL Salazac de Provence,Salazac,90 chemin de la Garrigue,30760,0640910821,earlsalazacdeprovence@ferme.fr,Apiculture
Les Jardins Carsan des Garrigues,Carsan,7 route des Oliviers,30130,0629062973,lesjardinscarsandesgarrigues@ferme.fr,Élevage ovin
Clos Codolet des Garrigues,Codolet,121 chemin du Mas,30200,0631949959,closcodoletdesgarrigues@ferme.fr,Plantes aromatiques
Ferme Orsan des Oliviers,Orsan,85 chemin des Vignes,30200,0644262520,fermeorsandesoliviers@ferme.fr,Élevage caprin
Ferme Tresques des Oliviers,Tresques,144 chemin des Lavandes,30330,0642213301,fermetresquesdesoliviers@ferme.fr,Plantes aromatiques
Ferme Lirac des Oliviers,Lirac,77 chemin du Mas,30126,0685104978,fermeliracdesoliviers@ferme.fr,Viticulture
Ferme Lirac du Soleil,Lirac,41 chemin des Vignes,30126,0629036287,fermeliracdusoleil@ferme.fr,Élevage caprin
EARL Verfeuil de Provence,Verfeuil,132 route du Village,30630,0661638580,earlverfeuildeprovence@ferme.fr,Maraîchage
GAEC Goudargues du Soleil,Goudargues,52 chemin du Mas,30630,0639855626,gaecgoudarguesdusoleil@ferme.fr,Élevage ovin
GAEC Roquemaure du Rhône,Roquemaure,16 route du Village,30150,0601988246,gaecroquemauredurhône@ferme.fr,Arboriculture
Les Jardins Saint du Rhône,Saint-André-de-Roquepertuis,52 chemin des Lavandes,30630,0687557029,lesjardinssaintdurhône@ferme.fr,Apiculture
Les Jardins Saint du Rhône,Saint-Paulet-de-Caisson,121 chemin du Mas,30130,0634246851,lesjardinssaintdurhône@ferme.fr,Maraîchage
Les Jardins Montclus des Garrigues,Montclus,91 route des Oliviers,30630,0697904460,lesjardinsmontclusdesgarrigues@ferme.fr,Plantes aromatiques
Les Jardins Le Garn des Oliviers,Le Garn,23 route des Oliviers,30760,0605913912,lesjardinslegarndesoliviers@ferme.fr,Apiculture
Clos Saint du Rhône,Saint-Laurent-des-Arbres,119 chemin de la Plaine,30126,0665080807,clossaintdurhône@ferme.fr,Oléiculture
Domaine Orsan de Provence,Orsan,14 chemin des Vignes,30200,0647938215,domaineorsandeprovence@ferme.fr,Maraîchage
EARL Vénéjan des Garrigues,Vénéjan,142 chemin du Mas,30200,0647777627,earlvénéjandesgarrigues@ferme.fr,Plantes aromatiques
Ferme Salazac du Soleil,Salazac,58 route du Village,30760,0620317378,fermesalazacdusoleil@ferme.fr,Oléiculture
Ferme Aiguèze du Rhône,Aiguèze,12 chemin de la Garrigue,30760,0630751464,fermeaiguèzedurhône@ferme.fr,Arboriculture
Les Jardins Codolet de Provence,Codolet,107 route des Oliviers,30200,0643622429,lesjardinscodoletdeprovence@ferme.fr,Élevage caprin
EARL Laudun du Rhône,Laudun-l'Ardoise,6 chemin des Vignes,30290,0662634822,earllaudundurhône@ferme.fr,Plantes aromatiques
Les Jardins Connaux du Soleil,Connaux,82 chemin du Rhône,30330,0673535833,lesjardinsconnauxdusoleil@ferme.fr,Élevage caprin
Mas Saint de Provence,Saint-Julien-de-Peyrolas,85 chemin des Vignes,30760,0631978674,massaintdeprovence@ferme.fr,Élevage bovin
Les Jardins Le Garn des Garrigues,Le Garn,137 chemin de la Garrigue,30760,0603598199,lesjardinslegarndesgarrigues@ferme.fr,Céréales
Ferme Cornillon des Garrigues,Cornillon,126 chemin de la Plaine,30630,0620836944,fermecornillondesgarrigues@ferme.fr,Élevage ovin
GAEC Issirac de Provence,Issirac,44 chemin du Rhône,30760,0677858588,gaecissiracdeprovence@ferme.fr,Oléiculture
GAEC Saint du Rhône,Saint-Gervais,94 chemin du Rhône,30200,0645811532,gaecsaintdurhône@ferme.fr,Maraîchage
Les Jardins Saint du Soleil,Saint-André-de-Roquepertuis,21 chemin des Vignes,30630,0648245332,lesjardinssaintdusoleil@ferme.fr,Arboriculture
Mas Salazac du Soleil,Salazac,117 chemin du Mas,30760,0659467595,massalazacdusoleil@ferme.fr,Arboriculture
Les Jardins Verfeuil des Garrigues,Verfeuil,122 chemin des Vignes,30630,0609781838,lesjardinsverfeuildesgarrigues@ferme.fr,Élevage ovin
GAEC Montclus des Garrigues,Montclus,65 route du Village,30630,0674804833,gaecmontclusdesgarrigues@ferme.fr,Céréales
Domaine Le Garn du Soleil,Le Garn,94 chemin de la Plaine,30760,0602232072,domainelegarndusoleil@ferme.fr,Apiculture
Clos Saint des Garrigues,Saint-André-de-Roquepertuis,45 chemin des Vignes,30630,0677964125,clossaintdesgarrigues@ferme.fr,Élevage caprin
Domaine Bagnols de Provence,Bagnols-sur-Cèze,74 chemin de la Plaine,30200,0658510190,domainebagnolsdeprovence@ferme.fr,Élevage bovin
EARL Pont du Rhône,Pont-Saint-Esprit,131 chemin des Lavandes,30130,0600972258,earlpontdurhône@ferme.fr,Élevage caprin
Ferme Laudun de Provence,Laudun-l'Ardoise,42 chemin des Lavandes,30290,0602716624,fermelaudundeprovence@ferme.fr,Apiculture
Domaine Le Garn des Garrigues,Le Garn,19 chemin des Lavandes,30760,0614986267,domainelegarndesgarrigues@ferme.fr,Élevage bovin
Domaine Tavel du Soleil,Tavel,147 chemin de la Plaine,30126,0611069418,domainetaveldusoleil@ferme.fr,Apiculture
GAEC Verfeuil de Provence,Verfeuil,70 route des Oliviers,30630,0651439265,gaecverfeuildeprovence@ferme.fr,Arboriculture
GAEC Laval du Rhône,Laval-Saint-Roman,20 route des Oliviers,30760,0620095111,gaeclavaldurhône@ferme.fr,Élevage caprin
Ferme Roquemaure des Garrigues,Roquemaure,47 chemin du Rhône,30150,0605389357,fermeroquemauredesgarrigues@ferme.fr,Plantes aromatiques
Mas Tresques des Garrigues,Tresques,8 chemin du Rhône,30330,0642796143,mastresquesdesgarrigues@ferme.fr,Maraîchage
Clos Tresques des Garrigues,Tresques,92 chemin des Vignes,30330,0641473877,clostresquesdesgarrigues@ferme.fr,Maraîchage
GAEC Le Garn du Soleil,Le Garn,91 chemin de la Garrigue,30760,0649402489,gaeclegarndusoleil@ferme.fr,Arboriculture
Domaine Laudun des Garrigues,Laudun-l'Ardoise,57 chemin du Mas,30290,0625008014,domainelaudundesgarrigues@ferme.fr,Élevage caprin
Ferme Aiguèze de Provence,Aiguèze,21 chemin du Rhône,30760,0622517460,fermeaiguèzedeprovence@ferme.fr,Élevage ovin
Clos Connaux du Soleil,Connaux,148 chemin de la Plaine,30330,0657440342,closconnauxdusoleil@ferme.fr,Élevage ovin
Ferme La Roque du Rhône,La Roque-sur-Cèze,48 route des Oliviers,30200,0675889953,fermelaroquedurhône@ferme.fr,Élevage caprin
Clos Saint des Oliviers,Saint-Paulet-de-Caisson,129 chemin du Mas,30130,0610715350,clossaintdesoliviers@ferme.fr,Viticulture
Domaine Saint des Oliviers,Saint-Paulet-de-Caisson,121 chemin des Vignes,30130,0675999697,domainesaintdesoliviers@ferme.fr,Oléiculture
Domaine Verfeuil du Soleil,Verfeuil,126 chemin des Lavandes,30630,0612397638,domaineverfeuildusoleil@ferme.fr,Oléiculture
Mas Chusclan du Soleil,Chusclan,149 chemin des Vignes,30200,0683094726,maschusclandusoleil@ferme.fr,Maraîchage
Domaine Lirac des Oliviers,Lirac,14 route des Oliviers,30126,0655082716,domaineliracdesoliviers@ferme.fr,Élevage bovin
Les Jardins Laval des Oliviers,Laval-Saint-Roman,36 chemin des Lavandes,30760,0679491776,lesjardinslavaldesoliviers@ferme.fr,Oléiculture
Mas Issirac des Oliviers,Issirac,56 chemin du Mas,30760,0613388703,masissiracdesoliviers@ferme.fr,Élevage caprin
EARL Cornillon de Provence,Cornillon,57 route des Oliviers,30630,0661818556,earlcornillondeprovence@ferme.fr,Élevage caprin
GAEC Orsan des Garrigues,Orsan,116 chemin des Lavandes,30200,0677982601,gaecorsandesgarrigues@ferme.fr,Céréales
Domaine Bagnols de Provence,Bagnols-sur-Cèze,25 route du Village,30200,0622266089,domainebagnolsdeprovence@ferme.fr,Céréales
Clos Codolet du Soleil,Codolet,129 chemin de la Garrigue,30200,0690668776,closcodoletdusoleil@ferme.fr,Élevage caprin
EARL Sabran de Provence,Sabran,49 chemin de la Plaine,30200,0647173151,earlsabrandeprovence@ferme.fr,Plantes aromatiques
GAEC Bagnols des Garrigues,Bagnols-sur-Cèze,86 chemin du Rhône,30200,0668378179,gaecbagnolsdesgarrigues@ferme.fr,Céréales
Domaine Goudargues du Rhône,Goudargues,5 chemin du Rhône,30630,0639324197,domainegoudarguesdurhône@ferme.fr,Élevage caprin
Mas Verfeuil de Provence,Verfeuil,128 chemin des Lavandes,30630,0677730305,masverfeuildeprovence@ferme.fr,Viticulture
Les Jardins Le Garn des Garrigues,Le Garn,93 route des Oliviers,30760,0661922913,lesjardinslegarndesgarrigues@ferme.fr,Céréales
Mas Lirac de Provence,Lirac,71 chemin du Mas,30126,0605155834,masliracdeprovence@ferme.fr,Viticulture
Les Jardins Carsan des Oliviers,Carsan,101 chemin du Rhône,30130,0681683103,lesjardinscarsandesoliviers@ferme.fr,Viticulture
Mas Laudun du Soleil,Laudun-l'Ardoise,101 chemin de la Garrigue,30290,0663366463,maslaudundusoleil@ferme.fr,Plantes aromatiques
Les Jardins Lirac des Oliviers,Lirac,79 chemin des Vignes,30126,0647316434,lesjardinsliracdesoliviers@ferme.fr,Viticulture
Domaine Laval des Garrigues,Laval-Saint-Roman,114 route des Oliviers,30760,0656132742,domainelavaldesgarrigues@ferme.fr,Arboriculture
Mas Saint du Soleil,Saint-Paulet-de-Caisson,31 chemin du Rhône,30130,0646617381,massaintdusoleil@ferme.fr,Plantes aromatiques
Ferme Verfeuil de Provence,Verfeuil,90 chemin du Mas,30630,0699493342,fermeverfeuildeprovence@ferme.fr,Oléiculture
Les Jardins Saint des Oliviers,Saint-Julien-de-Peyrolas,45 chemin de la Plaine,30760,0636916443,lesjardinssaintdesoliviers@ferme.fr,Céréales
EARL Goudargues de Provence,Goudargues,71 chemin de la Plaine,30630,0618122328,earlgoudarguesdeprovence@ferme.fr,Maraîchage
GAEC Saint du Soleil,Saint-Julien-de-Peyrolas,92 chemin de la Garrigue,30760,0666840283,gaecsaintdusoleil@ferme.fr,Élevage caprin
Mas Aiguèze de Provence,Aiguèze,36 route des Oliviers,30760,0648099861,masaiguèzedeprovence@ferme.fr,Oléiculture
Domaine Tresques de Provence,Tresques,150 chemin du Rhône,30330,0620498919,domainetresquesdeprovence@ferme.fr,Élevage bovin
Domaine Cavillargues des Oliviers,Cavillargues,105 chemin du Rhône,30330,0628887328,domainecavillarguesdesoliviers@ferme.fr,Céréales
Ferme Tavel du Soleil,Tavel,99 chemin du Rhône,30126,0693857460,fermetaveldusoleil@ferme.fr,Céréales
Les Jardins Cornillon de Provence,Cornillon,146 chemin des Vignes,30630,0691043218,lesjardinscornillondeprovence@ferme.fr,Viticulture
Domaine Lirac des Oliviers,Lirac,46 chemin des Lavandes,30126,0650950170,domaineliracdesoliviers@ferme.fr,Maraîchage
Domaine Chusclan du Rhône,Chusclan,121 chemin de la Plaine,30200,0687607239,domainechusclandurhône@ferme.fr,Élevage caprin
Clos Le Garn du Soleil,Le Garn,79 chemin des Lavandes,30760,0628147647,closlegarndusoleil@ferme.fr,Élevage caprin
Clos Sabran de Provence,Sabran,66 chemin du Mas,30200,0631752730,clossabrandeprovence@ferme.fr,Élevage ovin
GAEC Roquemaure des Oliviers,Roquemaure,12 route du Village,30150,0627523717,gaecroquemauredesoliviers@ferme.fr,Élevage bovin
GAEC Saint du Soleil,Saint-Julien-de-Peyrolas,146 chemin de la Plaine,30760,0654819173,gaecsaintdusoleil@ferme.fr,Plantes aromatiques
Mas Bagnols du Rhône,Bagnols-sur-Cèze,43 chemin du Mas,30200,0673494070,masbagnolsdurhône@ferme.fr,Élevage ovin
Mas Laval de Provence,Laval-Saint-Roman,35 chemin du Rhône,30760,0679349483,maslavaldeprovence@ferme.fr,Oléiculture
Mas Orsan du Rhône,Orsan,80 chemin des Lavandes,30200,0614776340,masorsandurhône@ferme.fr,Maraîchage
EARL Verfeuil des Garrigues,Verfeuil,135 chemin de la Plaine,30630,0650239865,earlverfeuildesgarrigues@ferme.fr,Céréales
EARL Montclus des Garrigues,Montclus,26 chemin des Vignes,30630,0615975026,earlmontclusdesgarrigues@ferme.fr,Oléiculture
EARL Saint de Provence,Saint-Julien-de-Peyrolas,131 route du Village,30760,0694671191,earlsaintdeprovence@ferme.fr,Viticulture
Mas Saint de Provence,Saint-Laurent-des-Arbres,138 route du Village,30126,0668114147,massaintdeprovence@ferme.fr,Élevage caprin
Ferme Saint du Soleil,Saint-Paulet-de-Caisson,98 route des Oliviers,30130,0681359423,fermesaintdusoleil@ferme.fr,Viticulture
GAEC Saint du Rhône,Saint-Gervais,99 chemin des Lavandes,30200,0658342578,gaecsaintdurhône@ferme.fr,Apiculture
Domaine Salazac des Garrigues,Salazac,88 chemin du Mas,30760,0668587273,domainesalazacdesgarrigues@ferme.fr,Maraîchage
Ferme Orsan du Soleil,Orsan,79 chemin de la Plaine,30200,0671356461,fermeorsandusoleil@ferme.fr,Céréales
Ferme Saint des Garrigues,Saint-Julien-de-Peyrolas,135 chemin du Rhône,30760,0638027035,fermesaintdesgarrigues@ferme.fr,Oléiculture
Les Jardins Carsan de Provence,Carsan,83 route des Oliviers,30130,0631069454,lesjardinscarsandeprovence@ferme.fr,Plantes aromatiques
GAEC Sabran du Rhône,Sabran,83 chemin de la Garrigue,30200,0622231432,gaecsabrandurhône@ferme.fr,Céréales
Mas Sabran des Garrigues,Sabran,106 route du Village,30200,0658654210,massabrandesgarrigues@ferme.fr,Arboriculture
Mas Carsan du Rhône,Carsan,121 route des Oliviers,30130,0659395813,mascarsandurhône@ferme.fr,Maraîchage
Mas Codolet du Rhône,Codolet,110 chemin des Vignes,30200,0606323727,mascodoletdurhône@ferme.fr,Élevage ovin
Les Jardins Le Garn du Rhône,Le Garn,120 chemin de la Garrigue,30760,0611414301,lesjardinslegarndurhône@ferme.fr,Céréales
EARL Goudargues des Garrigues,Goudargues,69 chemin de la Garrigue,30630,0603199969,earlgoudarguesdesgarrigues@ferme.fr,Élevage bovin
Les Jardins Issirac du Soleil,Issirac,130 chemin de la Garrigue,30760,0649524237,lesjardinsissiracdusoleil@ferme.fr,Arboriculture
GAEC Aiguèze de Provence,Aiguèze,140 chemin de la Plaine,30760,0693544257,gaecaiguèzedeprovence@ferme.fr,Élevage ovin
EARL Laval du Soleil,Laval-Saint-Roman,91 chemin des Vignes,30760,0672025648,earllavaldusoleil@ferme.fr,Plantes aromatiques
Mas Goudargues des Garrigues,Goudargues,22 chemin de la Plaine,30630,0612790160,masgoudarguesdesgarrigues@ferme.fr,Viticulture
Ferme Connaux de Provence,Connaux,10 route du Village,30330,0635809087,fermeconnauxdeprovence@ferme.fr,Arboriculture
EARL Lirac du Rhône,Lirac,18 chemin du Rhône,30126,0685457004,earlliracdurhône@ferme.fr,Viticulture
Mas Verfeuil des Oliviers,Verfeuil,110 chemin de la Garrigue,30630,0633113723,masverfeuildesoliviers@ferme.fr,Oléiculture
EARL Salazac des Oliviers,Salazac,133 chemin de la Garrigue,30760,0614806230,earlsalazacdesoliviers@ferme.fr,Maraîchage
Mas Carsan du Rhône,Carsan,16 chemin du Rhône,30130,0686057750,mascarsandurhône@ferme.fr,Maraîchage
Mas Chusclan des Oliviers,Chusclan,54 chemin de la Garrigue,30200,0631533062,maschusclandesoliviers@ferme.fr,Oléiculture
Clos Saint du Soleil,Saint-Julien-de-Peyrolas,147 chemin des Vignes,30760,0684650481,clossaintdusoleil@ferme.fr,Arboriculture
GAEC Cornillon des Garrigues,Cornillon,95 chemin de la Plaine,30630,0688474085,gaeccornillondesgarrigues@ferme.fr,Plantes aromatiques
Clos Issirac du Rhône,Issirac,38 route du Village,30760,0638234468,closissiracdurhône@ferme.fr,Viticulture
EARL Le Garn du Rhône,Le Garn,46 chemin des Vignes,30760,0600541859,earllegarndurhône@ferme.fr,Maraîchage
Clos Issirac de Provence,Issirac,70 chemin de la Plaine,30760,0646849464,closissiracdeprovence@ferme.fr,Viticulture
Les Jardins Saint du Soleil,Saint-Julien-de-Peyrolas,73 chemin de la Garrigue,30760,0671278241,lesjardinssaintdusoleil@ferme.fr,Élevage ovin
Clos Salazac de Provence,Salazac,135 route des Oliviers,30760,0667658129,clossalazacdeprovence@ferme.fr,Céréales
EARL Goudargues du Soleil,Goudargues,89 chemin des Vignes,30630,0607159492,earlgoudarguesdusoleil@ferme.fr,Apiculture
GAEC Aiguèze du Rhône,Aiguèze,22 route du Village,30760,0697871118,gaecaiguèzedurhône@ferme.fr,Maraîchage
Domaine Laval du Rhône,Laval-Saint-Roman,22 route des Oliviers,30760,0601003273,domainelavaldurhône@ferme.fr,Viticulture
Domaine Carsan du Soleil,Carsan,143 route des Oliviers,30130,0688690159,domainecarsandusoleil@ferme.fr,Élevage caprin
Ferme Bagnols de Provence,Bagnols-sur-Cèze,75 route du Village,30200,0634162899,fermebagnolsdeprovence@ferme.fr,Plantes aromatiques
Mas Saint du Soleil,Saint-André-de-Roquepertuis,24 route du Village,30630,0612962954,massaintdusoleil@ferme.fr,Plantes aromatiques
EARL Laval des Garrigues,Laval-Saint-Roman,54 chemin des Lavandes,30760,0631078342,earllavaldesgarrigues@ferme.fr,Viticulture
Mas Saint des Oliviers,Saint-Gervais,107 route du Village,30200,0690461713,massaintdesoliviers@ferme.fr,Plantes aromatiques
Les Jardins Laval de Provence,Laval-Saint-Roman,26 route des Oliviers,30760,0660100653,lesjardinslavaldeprovence@ferme.fr,Oléiculture
Domaine Cavillargues du Rhône,Cavillargues,121 chemin du Rhône,30330,0636011108,domainecavillarguesdurhône@ferme.fr,Élevage caprin
Les Jardins Vénéjan de Provence,Vénéjan,41 chemin de la Garrigue,30200,0606173894,lesjardinsvénéjandeprovence@ferme.fr,Élevage caprin
Clos Carsan des Garrigues,Carsan,74 chemin de la Garrigue,30130,0661734732,closcarsandesgarrigues@ferme.fr,Maraîchage
GAEC Sabran de Provence,Sabran,46 chemin de la Plaine,30200,0686896609,gaecsabrandeprovence@ferme.fr,Céréales
Domaine Saint du Rhône,Saint-André-de-Roquepertuis,78 route du Village,30630,0648347956,domainesaintdurhône@ferme.fr,Maraîchage
GAEC Verfeuil des Oliviers,Verfeuil,50 chemin du Mas,30630,0637110434,gaecverfeuildesoliviers@ferme.fr,Céréales
Ferme Tresques du Rhône,Tresques,134 chemin des Lavandes,30330,0605926480,fermetresquesdurhône@ferme.fr,Oléiculture
Clos Laudun des Oliviers,Laudun-l'Ardoise,6 route des Oliviers,30290,0648432654,closlaudundesoliviers@ferme.fr,Apiculture
GAEC Chusclan du Rhône,Chusclan,132 route des Oliviers,30200,0664724879,gaecchusclandurhône@ferme.fr,Plantes aromatiques
Ferme Cavillargues des Garrigues,Cavillargues,45 chemin du Rhône,30330,0674300618,fermecavillarguesdesgarrigues@ferme.fr,Apiculture
Mas Tavel du Rhône,Tavel,10 chemin des Lavandes,30126,0600168279,mastaveldurhône@ferme.fr,Élevage bovin
Clos Cavillargues des Garrigues,Cavillargues,80 route des Oliviers,30330,0629434704,closcavillarguesdesgarrigues@ferme.fr,Céréales
Mas Codolet de Provence,Codolet,73 chemin du Mas,30200,0636219239,mascodoletdeprovence@ferme.fr,Apiculture
EARL Codolet de Provence,Codolet,21 route du Village,30200,0678247634,earlcodoletdeprovence@ferme.fr,Élevage ovin
Domaine Goudargues du Rhône,Goudargues,66 chemin de la Garrigue,30630,0699965592,domainegoudarguesdurhône@ferme.fr,Viticulture
Les Jardins Roquemaure du Rhône,Roquemaure,69 chemin des Vignes,30150,0650804370,lesjardinsroquemauredurhône@ferme.fr,Élevage bovin
Mas Laval des Oliviers,Laval-Saint-Roman,90 chemin des Lavandes,30760,0603442582,maslavaldesoliviers@ferme.fr,Élevage ovin
Ferme Tavel du Soleil,Tavel,9 chemin de la Plaine,30126,0650252537,fermetaveldusoleil@ferme.fr,Viticulture
Clos Sabran des Oliviers,Sabran,62 chemin du Rhône,30200,0697243797,clossabrandesoliviers@ferme.fr,Élevage bovin
Mas Vénéjan du Soleil,Vénéjan,106 chemin de la Garrigue,30200,0693445106,masvénéjandusoleil@ferme.fr,Arboriculture
Domaine Carsan de Provence,Carsan,75 route du Village,30130,0609938850,domainecarsandeprovence@ferme.fr,Maraîchage
EARL Montclus du Rhône,Montclus,139 route du Village,30630,0641423240,earlmontclusdurhône@ferme.fr,Viticulture
Domaine Vénéjan du Rhône,Vénéjan,73 chemin des Lavandes,30200,0635086202,domainevénéjandurhône@ferme.fr,Oléiculture
EARL Roquemaure du Rhône,Roquemaure,98 route des Oliviers,30150,0674446392,earlroquemauredurhône@ferme.fr,Oléiculture
EARL Lirac de Provence,Lirac,57 chemin de la Garrigue,30126,0672961011,earlliracdeprovence@ferme.fr,Viticulture
EARL Verfeuil du Soleil,Verfeuil,104 chemin de la Garrigue,30630,0647130317,earlverfeuildusoleil@ferme.fr,Viticulture
Clos Saint de Provence,Saint-André-de-Roquepertuis,107 chemin du Mas,30630,0651236059,clossaintdeprovence@ferme.fr,Céréales
Domaine Goudargues de Provence,Goudargues,41 chemin de la Garrigue,30630,0621234390,domainegoudarguesdeprovence@ferme.fr,Élevage bovin
Domaine Saint des Garrigues,Saint-Gervais,7 chemin du Rhône,30200,0677039098,domainesaintdesgarrigues@ferme.fr,Élevage ovin
Les Jardins Pont des Garrigues,Pont-Saint-Esprit,26 chemin de la Garrigue,30130,0653031968,lesjardinspontdesgarrigues@ferme.fr,Céréales
Clos Salazac des Oliviers,Salazac,58 chemin de la Garrigue,30760,0699052700,clossalazacdesoliviers@ferme.fr,Plantes aromatiques
Clos Roquemaure des Oliviers,Roquemaure,124 route des Oliviers,30150,0688499479,closroquemauredesoliviers@ferme.fr,Maraîchage
Domaine Carsan du Soleil,Carsan,5 chemin des Lavandes,30130,0693531889,domainecarsandusoleil@ferme.fr,Apiculture
Ferme Saint des Oliviers,Saint-Laurent-des-Arbres,57 chemin de la Garrigue,30126,0673166898,fermesaintdesoliviers@ferme.fr,Céréales
Mas Saint du Rhône,Saint-Paulet-de-Caisson,113 route du Village,30130,0676467804,massaintdurhône@ferme.fr,Apiculture
Les Jardins Laudun des Oliviers,Laudun-l'Ardoise,117 route du Village,30290,0603399821,lesjardinslaudundesoliviers@ferme.fr,Apiculture
Clos Verfeuil des Garrigues,Verfeuil,140 chemin du Mas,30630,0634502315,closverfeuildesgarrigues@ferme.fr,Céréales
Ferme Sabran des Garrigues,Sabran,20 route du Village,30200,0634533831,fermesabrandesgarrigues@ferme.fr,Oléiculture
Mas Connaux du Soleil,Connaux,72 route du Village,30330,0692983119,masconnauxdusoleil@ferme.fr,Élevage caprin
EARL Pont des Oliviers,Pont-Saint-Esprit,13 chemin des Lavandes,30130,0674418423,earlpontdesoliviers@ferme.fr,Élevage caprin
Clos Roquemaure du Soleil,Roquemaure,70 chemin du Mas,30150,0697063373,closroquemauredusoleil@ferme.fr,Plantes aromatiques
Mas Saint du Rhône,Saint-Laurent-des-Arbres,78 chemin du Mas,30126,0632515976,massaintdurhône@ferme.fr,Plantes aromatiques
Clos Saint des Garrigues,Saint-Julien-de-Peyrolas,19 route des Oliviers,30760,0644188019,clossaintdesgarrigues@ferme.fr,Maraîchage
Mas Tresques du Soleil,Tresques,20 chemin des Vignes,30330,0654417448,mastresquesdusoleil@ferme.fr,Arboriculture
Les Jardins La Roque du Rhône,La Roque-sur-Cèze,109 route du Village,30200,0692390689,lesjardinslaroquedurhône@ferme.fr,Maraîchage
Les Jardins Laval du Soleil,Laval-Saint-Roman,48 chemin de la Garrigue,30760,0673659680,lesjardinslavaldusoleil@ferme.fr,Élevage ovin
Clos Verfeuil des Garrigues,Verfeuil,122 chemin des Lavandes,30630,0602870293,closverfeuildesgarrigues@ferme.fr,Élevage caprin
GAEC Codolet du Soleil,Codolet,69 route des Oliviers,30200,0679302422,gaeccodoletdusoleil@ferme.fr,Viticulture
EARL Montclus des Oliviers,Montclus,128 route des Oliviers,30630,0683608188,earlmontclusdesoliviers@ferme.fr,Apiculture
Domaine Salazac du Rhône,Salazac,6 route du Village,30760,0635474967,domainesalazacdurhône@ferme.fr,Céréales
Les Jardins Saint du Rhône,Saint-André-de-Roquepertuis,50 chemin de la Garrigue,30630,0690840246,lesjardinssaintdurhône@ferme.fr,Céréales
Les Jardins Laval du Rhône,Laval-Saint-Roman,42 chemin de la Plaine,30760,0689471010,lesjardinslavaldurhône@ferme.fr,Arboriculture
GAEC Tavel du Soleil,Tavel,149 chemin de la Garrigue,30126,0609342863,gaectaveldusoleil@ferme.fr,Arboriculture
Clos Saint du Rhône,Saint-Paulet-de-Caisson,103 route du Village,30130,0655986248,clossaintdurhône@ferme.fr,Oléiculture
Mas Laudun de Provence,Laudun-l'Ardoise,25 chemin de la Plaine,30290,0665864892,maslaudundeprovence@ferme.fr,Arboriculture
Les Jardins La Roque du Rhône,La Roque-sur-Cèze,49 chemin de la Garrigue,30200,0666104280,lesjardinslaroquedurhône@ferme.fr,Maraîchage
Clos Connaux du Rhône,Connaux,116 chemin des Vignes,30330,0669732159,closconnauxdurhône@ferme.fr,Arboriculture
Domaine Issirac des Garrigues,Issirac,10 chemin de la Plaine,30760,0609249925,domaineissiracdesgarrigues@ferme.fr,Élevage ovin
Mas Goudargues de Provence,Goudargues,5 chemin de la Garrigue,30630,0651436081,masgoudarguesdeprovence@ferme.fr,Viticulture
EARL Tresques du Soleil,Tresques,72 chemin des Lavandes,30330,0680973082,earltresquesdusoleil@ferme.fr,Oléiculture
Mas La Roque des Garrigues,La Roque-sur-Cèze,137 route des Oliviers,30200,0687462803,maslaroquedesgarrigues@ferme.fr,Maraîchage
Clos Lirac de Provence,Lirac,71 chemin du Rhône,30126,0675465039,closliracdeprovence@ferme.fr,Viticulture
Ferme Lirac du Rhône,Lirac,117 chemin des Vignes,30126,0648829762,fermeliracdurhône@ferme.fr,Élevage caprin
Ferme Pont du Soleil,Pont-Saint-Esprit,3 chemin de la Plaine,30130,0634220434,fermepontdusoleil@ferme.fr,Plantes aromatiques
Mas Carsan du Soleil,Carsan,23 chemin du Mas,30130,0673903234,mascarsandusoleil@ferme.fr,Élevage bovin
Ferme Issirac des Oliviers,Issirac,85 chemin du Rhône,30760,0670040499,fermeissiracdesoliviers@ferme.fr,Maraîchage
Mas Cavillargues du Rhône,Cavillargues,134 chemin des Lavandes,30330,0631150587,mascavillarguesdurhône@ferme.fr,Élevage ovin
GAEC Salazac du Rhône,Salazac,106 chemin des Vignes,30760,0672616829,gaecsalazacdurhône@ferme.fr,Viticulture
Clos Saint des Oliviers,Saint-André-de-Roquepertuis,135 chemin du Rhône,30630,0686254889,clossaintdesoliviers@ferme.fr,Plantes aromatiques
Clos Pont de Provence,Pont-Saint-Esprit,127 chemin du Rhône,30130,0676480927,clospontdeprovence@ferme.fr,Céréales
EARL Vénéjan des Oliviers,Vénéjan,27 route des Oliviers,30200,0659059836,earlvénéjandesoliviers@ferme.fr,Plantes aromatiques
Mas Tavel du Soleil,Tavel,96 route des Oliviers,30126,0641623523,mastaveldusoleil@ferme.fr,Élevage bovin
Clos Cavillargues du Soleil,Cavillargues,75 chemin du Rhône,30330,0695029366,closcavillarguesdusoleil@ferme.fr,Maraîchage
Ferme Pont du Rhône,Pont-Saint-Esprit,11 chemin du Rhône,30130,0625868657,fermepontdurhône@ferme.fr,Maraîchage
Domaine Issirac du Rhône,Issirac,127 chemin des Lavandes,30760,0689738259,domaineissiracdurhône@ferme.fr,Plantes aromatiques
EARL Roquemaure du Soleil,Roquemaure,82 chemin des Lavandes,30150,0613847104,earlroquemauredusoleil@ferme.fr,Élevage caprin
Les Jardins Bagnols de Provence,Bagnols-sur-Cèze,111 chemin du Rhône,30200,0675485703,lesjardinsbagnolsdeprovence@ferme.fr,Élevage ovin
Les Jardins Tresques des Oliviers,Tresques,37 chemin des Vignes,30330,0630162363,lesjardinstresquesdesoliviers@ferme.fr,Apiculture
GAEC Cavillargues des Garrigues,Cavillargues,118 chemin de la Plaine,30330,0657746624,gaeccavillarguesdesgarrigues@ferme.fr,Plantes aromatiques
Mas Lirac du Rhône,Lirac,9 chemin du Rhône,30126,0656255604,masliracdurhône@ferme.fr,Arboriculture
Mas Aiguèze de Provence,Aiguèze,123 chemin du Rhône,30760,0698256679,masaiguèzedeprovence@ferme.fr,Apiculture
Les Jardins Pont des Garrigues,Pont-Saint-Esprit,137 route des Oliviers,30130,0685665687,lesjardinspontdesgarrigues@ferme.fr,Plantes aromatiques
Clos Saint de Provence,Saint-Paulet-de-Caisson,69 chemin du Mas,30130,0683852424,clossaintdeprovence@ferme.fr,Élevage caprin
Clos Lirac du Rhône,Lirac,21 route des Oliviers,30126,0635930753,closliracdurhône@ferme.fr,Oléiculture
Les Jardins Carsan de Provence,Carsan,24 chemin des Vignes,30130,0638731520,lesjardinscarsandeprovence@ferme.fr,Apiculture
Ferme Orsan de Provence,Orsan,31 chemin du Mas,30200,0625356319,fermeorsandeprovence@ferme.fr,Apiculture
Les Jardins Salazac des Garrigues,Salazac,38 chemin des Lavandes,30760,0633629985,lesjardinssalazacdesgarrigues@ferme.fr,Élevage ovin
Clos Codolet des Oliviers,Codolet,93 chemin du Mas,30200,0645751122,closcodoletdesoliviers@ferme.fr,Plantes aromatiques
GAEC Laval de Provence,Laval-Saint-Roman,24 route du Village,30760,0635617331,gaeclavaldeprovence@ferme.fr,Plantes aromatiques
