name,commune,address,postal_code,phone,email,category
Artisan Boucherie Orsan,Orsan,115 chemin des Vignes,30200,0498880846,artisanboucherieorsan@local.fr,Boucherie
Artisan Photographe Pont,Pont-Saint-Esprit,11 avenue Jean JaurÃĻs,30130,0475815427,artisanphotographepont@local.fr,Photographe
Comptoir Peintre bÃĒtiment Goudargues,Goudargues,117 chemin des Vignes,30630,0458921117,comptoirpeintrebÃĒtimentgoudargues@local.fr,Peintre bÃĒtiment
La Boucherie Saint,Saint-Paulet-de-Caisson,99 rue des Oliviers,30130,0413232667,laboucheriesaint@local.fr,Boucherie
Maison Ãpicerie Saint,Saint-AndrÃĐ-de-Roquepertuis,31 rue des Oliviers,30630,0415689545,maisonÃĐpiceriesaint@local.fr,Ãpicerie
Boutique Agence immobiliÃĻre Saint,Saint-Paulet-de-Caisson,92 rue des Ãcoles,30130,0484958998,boutiqueagenceimmobiliÃĻresaint@local.fr,Agence immobiliÃĻre
Atelier Informatique Cavillargues,Cavillargues,111 rue du Stade,30330,0464078638,atelierinformatiquecavillargues@local.fr,Informatique
Services MaÃ§on Roquemaure,Roquemaure,31 rue des Ãcoles,30150,0410410975,servicesmaÃ§onroquemaure@local.fr,MaÃ§on
Le Carreleur Tavel,Tavel,96 avenue du RhÃīne,30126,0471284007,lecarreleurtavel@local.fr,Carreleur
Le Fleuriste Saint,Saint-Paulet-de-Caisson,117 rue des Ãcoles,30130,0474157469,lefleuristesaint@local.fr,Fleuriste
Atelier Ãpicerie Goudargues,Goudargues,64 avenue du RhÃīne,30630,0495390352,atelierÃĐpiceriegoudargues@local.fr,Ãpicerie
La Bar / CafÃĐ Codolet,Codolet,86 place de la Mairie,30200,0421252003,labarcafÃĐcodolet@local.fr,Bar / CafÃĐ
Le Plombier Laval,Laval-Saint-Roman,17 rue du Centre,30760,0499917822,leplombierlaval@local.fr,Plombier
Les Fleuriste Tresques,Tresques,94 avenue Jean JaurÃĻs,30330,0447236703,lesfleuristetresques@local.fr,Fleuriste
Comptoir Bar / CafÃĐ Roquemaure,Roquemaure,84 rue du Stade,30150,0491469147,comptoirbarcafÃĐroquemaure@local.fr,Bar / CafÃĐ
Services Librairie Laval,Laval-Saint-Roman,17 chemin des Vignes,30760,0425339595,serviceslibrairielaval@local.fr,Librairie
Atelier Paysagiste Carsan,Carsan,91 rue du Centre,30130,0420546281,atelierpaysagistecarsan@local.fr,Paysagiste
Comptoir Boucherie AiguÃĻze,AiguÃĻze,56 avenue de Provence,30760,0486206527,comptoirboucherieaiguÃĻze@local.fr,Boucherie
Atelier Boulangerie Saint,Saint-Paulet-de-Caisson,43 rue de la RÃĐpublique,30130,0473534785,atelierboulangeriesaint@local.fr,Boulangerie
La Institut de beautÃĐ Saint,Saint-Gervais,57 rue du Centre,30200,0427554683,lainstitutdebeautÃĐsaint@local.fr,Institut de beautÃĐ
Maison Boucherie Issirac,Issirac,94 rue des Oliviers,30760,0472701377,maisonboucherieissirac@local.fr,Boucherie
Boutique Librairie Laudun,Laudun-l'Ardoise,90 rue du Centre,30290,0437118329,boutiquelibrairielaudun@local.fr,Librairie
Entreprise Ãpicerie Connaux,Connaux,64 avenue de Provence,30330,0459934683,entrepriseÃĐpicerieconnaux@local.fr,Ãpicerie
Maison Librairie Verfeuil,Verfeuil,96 avenue Jean JaurÃĻs,30630,0436399468,maisonlibrairieverfeuil@local.fr,Librairie
Boutique Agence immobiliÃĻre Verfeuil,Verfeuil,65 place de la Mairie,30630,0444873606,boutiqueagenceimmobiliÃĻreverfeuil@local.fr,Agence immobiliÃĻre
Services Ãlectricien Saint,Saint-Gervais,42 rue du Stade,30200,0469103055,servicesÃĐlectriciensaint@local.fr,Ãlectricien
Le Ãlectricien Pont,Pont-Saint-Esprit,82 rue du Stade,30130,0497307094,leÃĐlectricienpont@local.fr,Ãlectricien
Entreprise Carreleur Goudargues,Goudargues,13 rue du Stade,30630,0442726571,entreprisecarreleurgoudargues@local.fr,Carreleur
Maison Boucherie Cornillon,Cornillon,75 avenue de Provence,30630,0439982267,maisonboucheriecornillon@local.fr,Boucherie
La Bar / CafÃĐ Saint,Saint-Paulet-de-Caisson,75 rue des Ãcoles,30130,0425775841,labarcafÃĐsaint@local.fr,Bar / CafÃĐ
Entreprise Plombier Tavel,Tavel,16 rue des Oliviers,30126,0448110737,entrepriseplombiertavel@local.fr,Plombier
Le Fleuriste Saint,Saint-AndrÃĐ-de-Roquepertuis,13 avenue du RhÃīne,30630,0430102758,lefleuristesaint@local.fr,Fleuriste
Maison Boulangerie Issirac,Issirac,71 rue des Ãcoles,30760,0469065435,maisonboulangerieissirac@local.fr,Boulangerie
Services Ãpicerie Carsan,Carsan,32 rue du Centre,30130,0494652800,servicesÃĐpiceriecarsan@local.fr,Ãpicerie
Les MaÃ§on Tavel,Tavel,105 rue des Ãcoles,30126,0435677445,lesmaÃ§ontavel@local.fr,MaÃ§on
La Photographe Saint,Saint-Laurent-des-Arbres,116 rue des Oliviers,30126,0471285393,laphotographesaint@local.fr,Photographe
La Carreleur Saint,Saint-Nazaire,65 rue des Ãcoles,30200,0412205158,lacarreleursaint@local.fr,Carreleur
Le Boulangerie Orsan,Orsan,90 rue de la RÃĐpublique,30200,0441616586,leboulangerieorsan@local.fr,Boulangerie
Artisan Boulangerie Codolet,Codolet,89 avenue de Provence,30200,0402987592,artisanboulangeriecodolet@local.fr,Boulangerie
Les Boulangerie Chusclan,Chusclan,87 rue du Stade,30200,0403436086,lesboulangeriechusclan@local.fr,Boulangerie
Maison Boulangerie Issirac,Issirac,83 rue des Oliviers,30760,0444973348,maisonboulangerieissirac@local.fr,Boulangerie
Maison Informatique Connaux,Connaux,93 rue des Ãcoles,30330,0426095540,maisoninformatiqueconnaux@local.fr,Informatique
Boutique Garage automobile VÃĐnÃĐjan,VÃĐnÃĐjan,68 rue du Stade,30200,0448021241,boutiquegarageautomobilevÃĐnÃĐjan@local.fr,Garage automobile
Atelier Librairie Cornillon,Cornillon,36 rue de la RÃĐpublique,30630,0472329598,atelierlibrairiecornillon@local.fr,Librairie
Atelier Peintre bÃĒtiment Salazac,Salazac,66 avenue de Provence,30760,0426566568,atelierpeintrebÃĒtimentsalazac@local.fr,Peintre bÃĒtiment
Atelier Carreleur Cavillargues,Cavillargues,111 rue des Ãcoles,30330,0413898918,ateliercarreleurcavillargues@local.fr,Carreleur
Services Boucherie AiguÃĻze,AiguÃĻze,91 rue de la RÃĐpublique,30760,0485273061,servicesboucherieaiguÃĻze@local.fr,Boucherie
Services Fleuriste Saint,Saint-AndrÃĐ-de-Roquepertuis,83 avenue du RhÃīne,30630,0462453819,servicesfleuristesaint@local.fr,Fleuriste
Services Boulangerie Saint,Saint-Julien-de-Peyrolas,54 rue des Ãcoles,30760,0483764542,servicesboulangeriesaint@local.fr,Boulangerie
Comptoir Boucherie Salazac,Salazac,68 place de la Mairie,30760,0439647204,comptoirboucheriesalazac@local.fr,Boucherie
Boutique Librairie Tavel,Tavel,61 avenue du RhÃīne,30126,0476149027,boutiquelibrairietavel@local.fr,Librairie
Le Boulangerie Sabran,Sabran,101 avenue Jean JaurÃĻs,30200,0478680577,leboulangeriesabran@local.fr,Boulangerie
Services Ãpicerie Carsan,Carsan,38 rue du Stade,30130,0463774381,servicesÃĐpiceriecarsan@local.fr,Ãpicerie
Entreprise Institut de beautÃĐ Saint,Saint-AndrÃĐ-de-Roquepertuis,42 rue des Ãcoles,30630,0472633974,entrepriseinstitutdebeautÃĐsaint@local.fr,Institut de beautÃĐ
Maison Agence immobiliÃĻre Sabran,Sabran,113 rue du Stade,30200,0484373341,maisonagenceimmobiliÃĻresabran@local.fr,Agence immobiliÃĻre
Boutique Ãpicerie Saint,Saint-AndrÃĐ-de-Roquepertuis,115 rue des Oliviers,30630,0497310568,boutiqueÃĐpiceriesaint@local.fr,Ãpicerie
Les Librairie Issirac,Issirac,69 rue du Centre,30760,0488509078,leslibrairieissirac@local.fr,Librairie
Artisan Ãpicerie Cavillargues,Cavillargues,30 rue des Ãcoles,30330,0411131022,artisanÃĐpiceriecavillargues@local.fr,Ãpicerie
Les Ãlectricien Sabran,Sabran,59 avenue du RhÃīne,30200,0435711948,lesÃĐlectriciensabran@local.fr,Ãlectricien
La Agence immobiliÃĻre Saint,Saint-Nazaire,98 rue du Stade,30200,0402895760,laagenceimmobiliÃĻresaint@local.fr,Agence immobiliÃĻre
Artisan Peintre bÃĒtiment Chusclan,Chusclan,15 rue des Ãcoles,30200,0468779396,artisanpeintrebÃĒtimentchusclan@local.fr,Peintre bÃĒtiment
Entreprise Boucherie Issirac,Issirac,93 rue du Stade,30760,0469946855,entrepriseboucherieissirac@local.fr,Boucherie
Entreprise Bar / CafÃĐ Roquemaure,Roquemaure,12 avenue de Provence,30150,0474980821,entreprisebarcafÃĐroquemaure@local.fr,Bar / CafÃĐ
Maison Menuisier Roquemaure,Roquemaure,10 place de la Mairie,30150,0403262834,maisonmenuisierroquemaure@local.fr,Menuisier
Artisan Plombier Pont,Pont-Saint-Esprit,93 avenue Jean JaurÃĻs,30130,0428280335,artisanplombierpont@local.fr,Plombier
Artisan MaÃ§on Bagnols,Bagnols-sur-CÃĻze,54 place de la Mairie,30200,0482116742,artisanmaÃ§onbagnols@local.fr,MaÃ§on
Entreprise Agence immobiliÃĻre Orsan,Orsan,10 chemin des Vignes,30200,0435531248,entrepriseagenceimmobiliÃĻreorsan@local.fr,Agence immobiliÃĻre
Artisan Boucherie Saint,Saint-Nazaire,116 rue des Ãcoles,30200,0423812092,artisanboucheriesaint@local.fr,Boucherie
Atelier Paysagiste Saint,Saint-Laurent-des-Arbres,53 avenue Jean JaurÃĻs,30126,0476976633,atelierpaysagistesaint@local.fr,Paysagiste
Services Coiffeur Saint,Saint-Paulet-de-Caisson,39 rue du Centre,30130,0492366533,servicescoiffeursaint@local.fr,Coiffeur
Comptoir Informatique Montclus,Montclus,108 place de la Mairie,30630,0487545040,comptoirinformatiquemontclus@local.fr,Informatique
Comptoir Librairie Issirac,Issirac,79 rue du Centre,30760,0476082823,comptoirlibrairieissirac@local.fr,Librairie
Comptoir Ãpicerie Montclus,Montclus,41 rue du Centre,30630,0440458382,comptoirÃĐpiceriemontclus@local.fr,Ãpicerie
Artisan Boucherie Chusclan,Chusclan,2 rue des Ãcoles,30200,0455102313,artisanboucheriechusclan@local.fr,Boucherie
Comptoir Carreleur Connaux,Connaux,32 avenue Jean JaurÃĻs,30330,0447158814,comptoircarreleurconnaux@local.fr,Carreleur
Comptoir Boucherie AiguÃĻze,AiguÃĻze,23 place de la Mairie,30760,0400504400,comptoirboucherieaiguÃĻze@local.fr,Boucherie
Boutique Restaurant Verfeuil,Verfeuil,73 rue du Centre,30630,0467993639,boutiquerestaurantverfeuil@local.fr,Restaurant
Atelier Menuisier Roquemaure,Roquemaure,80 rue de la RÃĐpublique,30150,0488657186,ateliermenuisierroquemaure@local.fr,Menuisier
Les Photographe Saint,Saint-Paulet-de-Caisson,12 rue des Ãcoles,30130,0460250750,lesphotographesaint@local.fr,Photographe
Services Menuisier Issirac,Issirac,67 place de la Mairie,30760,0412940754,servicesmenuisierissirac@local.fr,Menuisier
Boutique Restaurant Orsan,Orsan,55 rue du Stade,30200,0437971565,boutiquerestaurantorsan@local.fr,Restaurant
Entreprise Peintre bÃĒtiment Saint,Saint-Nazaire,20 rue de la RÃĐpublique,30200,0493196572,entreprisepeintrebÃĒtimentsaint@local.fr,Peintre bÃĒtiment
Artisan Bar / CafÃĐ Verfeuil,Verfeuil,50 rue des Ãcoles,30630,0423569209,artisanbarcafÃĐverfeuil@local.fr,Bar / CafÃĐ
La Institut de beautÃĐ Tresques,Tresques,80 rue des Oliviers,30330,0454886080,lainstitutdebeautÃĐtresques@local.fr,Institut de beautÃĐ
Artisan Boucherie Lirac,Lirac,81 rue des Oliviers,30126,0450544459,artisanboucherielirac@local.fr,Boucherie
La Informatique Saint,Saint-Gervais,79 rue des Oliviers,30200,0477099124,lainformatiquesaint@local.fr,Informatique
Atelier Librairie Lirac,Lirac,50 avenue du RhÃīne,30126,0415590696,atelierlibrairielirac@local.fr,Librairie
Artisan Photographe AiguÃĻze,AiguÃĻze,58 avenue du RhÃīne,30760,0449549455,artisanphotographeaiguÃĻze@local.fr,Photographe
Les Carreleur Cavillargues,Cavillargues,79 chemin des Vignes,30330,0493830012,lescarreleurcavillargues@local.fr,Carreleur
Comptoir Coiffeur Tresques,Tresques,66 place de la Mairie,30330,0454993600,comptoircoiffeurtresques@local.fr,Coiffeur
Atelier Coiffeur Sabran,Sabran,61 rue des Ãcoles,30200,0428548991,ateliercoiffeursabran@local.fr,Coiffeur
Le Ãpicerie Orsan,Orsan,1 place de la Mairie,30200,0428928777,leÃĐpicerieorsan@local.fr,Ãpicerie
Maison Librairie Saint,Saint-Julien-de-Peyrolas,75 rue des Ãcoles,30760,0449209753,maisonlibrairiesaint@local.fr,Librairie
Boutique MaÃ§on Connaux,Connaux,25 rue du Centre,30330,0423782087,boutiquemaÃ§onconnaux@local.fr,MaÃ§on
Comptoir Librairie Issirac,Issirac,106 rue des Oliviers,30760,0487578913,comptoirlibrairieissirac@local.fr,Librairie
Comptoir Boucherie Salazac,Salazac,82 rue de la RÃĐpublique,30760,0443641304,comptoirboucheriesalazac@local.fr,Boucherie
Maison Ãlectricien Saint,Saint-AndrÃĐ-de-Roquepertuis,50 chemin des Vignes,30630,0421740428,maisonÃĐlectriciensaint@local.fr,Ãlectricien
Artisan Ãpicerie Pont,Pont-Saint-Esprit,10 chemin des Vignes,30130,0433101322,artisanÃĐpiceriepont@local.fr,Ãpicerie
Le Ãpicerie Lirac,Lirac,82 avenue du RhÃīne,30126,0419206749,leÃĐpicerielirac@local.fr,Ãpicerie
Artisan Menuisier Goudargues,Goudargues,30 avenue du RhÃīne,30630,0455391535,artisanmenuisiergoudargues@local.fr,Menuisier
La MaÃ§on Laval,Laval-Saint-Roman,43 chemin des Vignes,30760,0489979819,lamaÃ§onlaval@local.fr,MaÃ§on
Artisan Boulangerie Saint,Saint-Gervais,53 rue des Oliviers,30200,0439695097,artisanboulangeriesaint@local.fr,Boulangerie
Le Menuisier Le Garn,Le Garn,77 rue de la RÃĐpublique,30760,0443853796,lemenuisierlegarn@local.fr,Menuisier
Les Garage automobile Verfeuil,Verfeuil,18 rue de la RÃĐpublique,30630,0433702928,lesgarageautomobileverfeuil@local.fr,Garage automobile
Les Informatique Codolet,Codolet,40 avenue de Provence,30200,0436026397,lesinformatiquecodolet@local.fr,Informatique
Artisan Photographe Cavillargues,Cavillargues,58 rue des Ãcoles,30330,0437397604,artisanphotographecavillargues@local.fr,Photographe
Maison Menuisier Sabran,Sabran,8 avenue Jean JaurÃĻs,30200,0467678913,maisonmenuisiersabran@local.fr,Menuisier
Le Restaurant La Roque,La Roque-sur-CÃĻze,24 rue des Ãcoles,30200,0406741280,lerestaurantlaroque@local.fr,Restaurant
Entreprise Garage automobile Issirac,Issirac,55 avenue de Provence,30760,0435652832,entreprisegarageautomobileissirac@local.fr,Garage automobile
Atelier Agence immobiliÃĻre Issirac,Issirac,45 avenue de Provence,30760,0467229419,atelieragenceimmobiliÃĻreissirac@local.fr,Agence immobiliÃĻre
Les Paysagiste Orsan,Orsan,15 rue de la RÃĐpublique,30200,0446356153,lespaysagisteorsan@local.fr,Paysagiste
Services Paysagiste La Roque,La Roque-sur-CÃĻze,49 rue du Centre,30200,0478906987,servicespaysagistelaroque@local.fr,Paysagiste
Artisan Garage automobile Saint,Saint-AndrÃĐ-de-Roquepertuis,65 place de la Mairie,30630,0436677916,artisangarageautomobilesaint@local.fr,Garage automobile
Comptoir Carreleur Cornillon,Cornillon,84 avenue de Provence,30630,0420702158,comptoircarreleurcornillon@local.fr,Carreleur
La Menuisier Issirac,Issirac,62 rue du Centre,30760,0486226777,lamenuisierissirac@local.fr,Menuisier
Boutique Carreleur Bagnols,Bagnols-sur-CÃĻze,34 place de la Mairie,30200,0471731074,boutiquecarreleurbagnols@local.fr,Carreleur
Artisan Plombier Codolet,Codolet,108 rue des Oliviers,30200,0408642544,artisanplombiercodolet@local.fr,Plombier
Entreprise Informatique Verfeuil,Verfeuil,79 rue du Centre,30630,0436389691,entrepriseinformatiqueverfeuil@local.fr,Informatique
Boutique Informatique Le Garn,Le Garn,103 place de la Mairie,30760,0420103334,boutiqueinformatiquelegarn@local.fr,Informatique
Les Restaurant Saint,Saint-Gervais,16 rue de la RÃĐpublique,30200,0420230937,lesrestaurantsaint@local.fr,Restaurant
Maison Boucherie Issirac,Issirac,92 chemin des Vignes,30760,0480402566,maisonboucherieissirac@local.fr,Boucherie
Services Carreleur VÃĐnÃĐjan,VÃĐnÃĐjan,89 avenue du RhÃīne,30200,0417829514,servicescarreleurvÃĐnÃĐjan@local.fr,Carreleur
Maison Peintre bÃĒtiment Montclus,Montclus,106 rue du Centre,30630,0495978105,maisonpeintrebÃĒtimentmontclus@local.fr,Peintre bÃĒtiment
Boutique Bar / CafÃĐ Tavel,Tavel,23 rue du Stade,30126,0434246660,boutiquebarcafÃĐtavel@local.fr,Bar / CafÃĐ
Services Carreleur Connaux,Connaux,29 place de la Mairie,30330,0480448736,servicescarreleurconnaux@local.fr,Carreleur
La Informatique Verfeuil,Verfeuil,82 avenue du RhÃīne,30630,0420509290,lainformatiqueverfeuil@local.fr,Informatique
Le Coiffeur Connaux,Connaux,41 avenue du RhÃīne,30330,0425780961,lecoiffeurconnaux@local.fr,Coiffeur
Services MaÃ§on Orsan,Orsan,108 rue des Ãcoles,30200,0471181210,servicesmaÃ§onorsan@local.fr,MaÃ§on
Maison Informatique AiguÃĻze,AiguÃĻze,5 avenue de Provence,30760,0471909359,maisoninformatiqueaiguÃĻze@local.fr,Informatique
La Fleuriste Pont,Pont-Saint-Esprit,24 rue de la RÃĐpublique,30130,0410078901,lafleuristepont@local.fr,Fleuriste
Entreprise Coiffeur Codolet,Codolet,9 avenue Jean JaurÃĻs,30200,0498287750,entreprisecoiffeurcodolet@local.fr,Coiffeur
Atelier Carreleur Verfeuil,Verfeuil,44 avenue de Provence,30630,0496052441,ateliercarreleurverfeuil@local.fr,Carreleur
Les Carreleur Tavel,Tavel,90 avenue de Provence,30126,0441855957,lescarreleurtavel@local.fr,Carreleur
Les Informatique AiguÃĻze,AiguÃĻze,17 avenue de Provence,30760,0485733796,lesinformatiqueaiguÃĻze@local.fr,Informatique
Atelier Ãpicerie Saint,Saint-Gervais,86 rue des Ãcoles,30200,0453465594,atelierÃĐpiceriesaint@local.fr,Ãpicerie
Le Menuisier Sabran,Sabran,51 place de la Mairie,30200,0424870523,lemenuisiersabran@local.fr,Menuisier
Comptoir Coiffeur Tresques,Tresques,103 avenue du RhÃīne,30330,0494220206,comptoircoiffeurtresques@local.fr,Coiffeur
Les Photographe VÃĐnÃĐjan,VÃĐnÃĐjan,81 rue des Ãcoles,30200,0497867684,lesphotographevÃĐnÃĐjan@local.fr,Photographe
Les Photographe Lirac,Lirac,102 rue des Oliviers,30126,0433488509,lesphotographelirac@local.fr,Photographe
La Bar / CafÃĐ Connaux,Connaux,57 rue du Centre,30330,0436946977,labarcafÃĐconnaux@local.fr,Bar / CafÃĐ
Services Librairie Lirac,Lirac,39 rue du Stade,30126,0478783306,serviceslibrairielirac@local.fr,Librairie
Entreprise MaÃ§on Sabran,Sabran,100 rue de la RÃĐpublique,30200,0481784051,entreprisemaÃ§onsabran@local.fr,MaÃ§on
Services Agence immobiliÃĻre Le Garn,Le Garn,47 rue de la RÃĐpublique,30760,0483179887,servicesagenceimmobiliÃĻrelegarn@local.fr,Agence immobiliÃĻre
Le Ãpicerie Laval,Laval-Saint-Roman,16 rue du Centre,30760,0436038654,leÃĐpicerielaval@local.fr,Ãpicerie
La Coiffeur Verfeuil,Verfeuil,54 avenue Jean JaurÃĻs,30630,0405211729,lacoiffeurverfeuil@local.fr,Coiffeur
La Paysagiste Sabran,Sabran,113 avenue Jean JaurÃĻs,30200,0473754629,lapaysagistesabran@local.fr,Paysagiste
Services Institut de beautÃĐ Cavillargues,Cavillargues,102 rue des Ãcoles,30330,0419107908,servicesinstitutdebeautÃĐcavillargues@local.fr,Institut de beautÃĐ
Le Ãpicerie Codolet,Codolet,32 rue du Centre,30200,0418605253,leÃĐpiceriecodolet@local.fr,Ãpicerie
Le Institut de beautÃĐ Laudun,Laudun-l'Ardoise,80 avenue Jean JaurÃĻs,30290,0488079017,leinstitutdebeautÃĐlaudun@local.fr,Institut de beautÃĐ
Boutique Photographe Cavillargues,Cavillargues,22 avenue Jean JaurÃĻs,30330,0407082014,boutiquephotographecavillargues@local.fr,Photographe
Entreprise Agence immobiliÃĻre Saint,Saint-Laurent-des-Arbres,106 rue des Oliviers,30126,0405653160,entrepriseagenceimmobiliÃĻresaint@local.fr,Agence immobiliÃĻre
Maison Menuisier Montclus,Montclus,109 rue du Stade,30630,0415529657,maisonmenuisiermontclus@local.fr,Menuisier
Entreprise Ãpicerie Saint,Saint-Julien-de-Peyrolas,94 avenue du RhÃīne,30760,0452043034,entrepriseÃĐpiceriesaint@local.fr,Ãpicerie
Boutique Plombier Codolet,Codolet,43 rue des Ãcoles,30200,0422969812,boutiqueplombiercodolet@local.fr,Plombier
Services Ãlectricien Sabran,Sabran,68 avenue de Provence,30200,0406537164,servicesÃĐlectriciensabran@local.fr,Ãlectricien
Services Peintre bÃĒtiment Goudargues,Goudargues,88 rue de la RÃĐpublique,30630,0495948971,servicespeintrebÃĒtimentgoudargues@local.fr,Peintre bÃĒtiment
La MaÃ§on Connaux,Connaux,104 avenue du RhÃīne,30330,0457032266,lamaÃ§onconnaux@local.fr,MaÃ§on
Atelier Fleuriste La Roque,La Roque-sur-CÃĻze,25 chemin des Vignes,30200,0449316234,atelierfleuristelaroque@local.fr,Fleuriste
Artisan Peintre bÃĒtiment Lirac,Lirac,30 rue de la RÃĐpublique,30126,0415526505,artisanpeintrebÃĒtimentlirac@local.fr,Peintre bÃĒtiment
Maison Carreleur Saint,Saint-Paulet-de-Caisson,11 rue des Oliviers,30130,0499738918,maisoncarreleursaint@local.fr,Carreleur
Artisan Boucherie Tavel,Tavel,31 place de la Mairie,30126,0427799573,artisanboucherietavel@local.fr,Boucherie
La Fleuriste Saint,Saint-Nazaire,52 chemin des Vignes,30200,0439109185,lafleuristesaint@local.fr,Fleuriste
Maison Informatique Salazac,Salazac,51 avenue Jean JaurÃĻs,30760,0471621469,maisoninformatiquesalazac@local.fr,Informatique
Les Garage automobile Verfeuil,Verfeuil,5 place de la Mairie,30630,0412350187,lesgarageautomobileverfeuil@local.fr,Garage automobile
Comptoir Bar / CafÃĐ Connaux,Connaux,33 rue du Stade,30330,0421364366,comptoirbarcafÃĐconnaux@local.fr,Bar / CafÃĐ
Services Garage automobile Chusclan,Chusclan,2 rue du Centre,30200,0443906306,servicesgarageautomobilechusclan@local.fr,Garage automobile
Services Boucherie Saint,Saint-AndrÃĐ-de-Roquepertuis,94 rue des Oliviers,30630,0447246066,servicesboucheriesaint@local.fr,Boucherie
Entreprise Institut de beautÃĐ Saint,Saint-Laurent-des-Arbres,106 avenue du RhÃīne,30126,0487785524,entrepriseinstitutdebeautÃĐsaint@local.fr,Institut de beautÃĐ
Les Menuisier Verfeuil,Verfeuil,65 avenue de Provence,30630,0424293178,lesmenuisierverfeuil@local.fr,Menuisier
La Bar / CafÃĐ Saint,Saint-AndrÃĐ-de-Roquepertuis,116 avenue de Provence,30630,0404698432,labarcafÃĐsaint@local.fr,Bar / CafÃĐ
Atelier Bar / CafÃĐ Saint,Saint-Paulet-de-Caisson,20 chemin des Vignes,30130,0487530531,atelierbarcafÃĐsaint@local.fr,Bar / CafÃĐ
La Garage automobile Chusclan,Chusclan,96 rue de la RÃĐpublique,30200,0498425905,lagarageautomobilechusclan@local.fr,Garage automobile
Boutique Institut de beautÃĐ Orsan,Orsan,77 avenue de Provence,30200,0411999755,boutiqueinstitutdebeautÃĐorsan@local.fr,Institut de beautÃĐ
Artisan Ãpicerie Cornillon,Cornillon,2 rue du Stade,30630,0489624657,artisanÃĐpiceriecornillon@local.fr,Ãpicerie
Artisan Agence immobiliÃĻre Lirac,Lirac,10 place de la Mairie,30126,0492555828,artisanagenceimmobiliÃĻrelirac@local.fr,Agence immobiliÃĻre
Boutique Garage automobile Bagnols,Bagnols-sur-CÃĻze,107 rue du Centre,30200,0454363440,boutiquegarageautomobilebagnols@local.fr,Garage automobile
Services Photographe Carsan,Carsan,69 rue du Centre,30130,0487233158,servicesphotographecarsan@local.fr,Photographe
Maison Plombier Carsan,Carsan,119 chemin des Vignes,30130,0480705616,maisonplombiercarsan@local.fr,Plombier
Services Photographe Carsan,Carsan,67 avenue de Provence,30130,0449723294,servicesphotographecarsan@local.fr,Photographe
Comptoir Menuisier Lirac,Lirac,47 place de la Mairie,30126,0461147629,comptoirmenuisierlirac@local.fr,Menuisier
Boutique Boulangerie Orsan,Orsan,10 place de la Mairie,30200,0458190015,boutiqueboulangerieorsan@local.fr,Boulangerie
Boutique Librairie Codolet,Codolet,97 avenue Jean JaurÃĻs,30200,0439949281,boutiquelibrairiecodolet@local.fr,Librairie
Boutique Informatique Sabran,Sabran,25 rue des Oliviers,30200,0403483473,boutiqueinformatiquesabran@local.fr,Informatique
Comptoir Ãlectricien Saint,Saint-Laurent-des-Arbres,4 rue des Oliviers,30126,0436155623,comptoirÃĐlectriciensaint@local.fr,Ãlectricien
Atelier Garage automobile Sabran,Sabran,9 avenue du RhÃīne,30200,0474787741,ateliergarageautomobilesabran@local.fr,Garage automobile
Le Garage automobile Codolet,Codolet,119 rue du Centre,30200,0424179644,legarageautomobilecodolet@local.fr,Garage automobile
Entreprise Boulangerie Lirac,Lirac,8 avenue du RhÃīne,30126,0488341151,entrepriseboulangerielirac@local.fr,Boulangerie
Maison Garage automobile AiguÃĻze,AiguÃĻze,59 rue du Centre,30760,0476455430,maisongarageautomobileaiguÃĻze@local.fr,Garage automobile
Maison Ãlectricien Saint,Saint-Gervais,96 avenue du RhÃīne,30200,0443927873,maisonÃĐlectriciensaint@local.fr,Ãlectricien
Entreprise Institut de beautÃĐ Cornillon,Cornillon,21 avenue Jean JaurÃĻs,30630,0466727512,entrepriseinstitutdebeautÃĐcornillon@local.fr,Institut de beautÃĐ
Le Photographe Lirac,Lirac,46 place de la Mairie,30126,0438181955,lephotographelirac@local.fr,Photographe
Boutique Paysagiste Le Garn,Le Garn,23 rue des Oliviers,30760,0440402517,boutiquepaysagistelegarn@local.fr,Paysagiste
La Boulangerie Codolet,Codolet,120 rue des Oliviers,30200,0413846697,laboulangeriecodolet@local.fr,Boulangerie
Artisan Agence immobiliÃĻre Saint,Saint-Laurent-des-Arbres,66 rue des Oliviers,30126,0423648232,artisanagenceimmobiliÃĻresaint@local.fr,Agence immobiliÃĻre
Artisan Menuisier VÃĐnÃĐjan,VÃĐnÃĐjan,89 rue du Stade,30200,0478667109,artisanmenuisiervÃĐnÃĐjan@local.fr,Menuisier
Les Agence immobiliÃĻre Tresques,Tresques,3 rue des Ãcoles,30330,0499225893,lesagenceimmobiliÃĻretresques@local.fr,Agence immobiliÃĻre
Le Informatique Orsan,Orsan,33 place de la Mairie,30200,0477635623,leinformatiqueorsan@local.fr,Informatique
La Ãpicerie Lirac,Lirac,56 rue de la RÃĐpublique,30126,0488038892,laÃĐpicerielirac@local.fr,Ãpicerie
Entreprise MaÃ§on Chusclan,Chusclan,19 place de la Mairie,30200,0499845270,entreprisemaÃ§onchusclan@local.fr,MaÃ§on
La Ãlectricien VÃĐnÃĐjan,VÃĐnÃĐjan,59 rue du Stade,30200,0401247088,laÃĐlectricienvÃĐnÃĐjan@local.fr,Ãlectricien
Maison Boulangerie Saint,Saint-Gervais,34 rue de la RÃĐpublique,30200,0400952774,maisonboulangeriesaint@local.fr,Boulangerie
Maison Librairie Tresques,Tresques,77 rue de la RÃĐpublique,30330,0413153922,maisonlibrairietresques@local.fr,Librairie
Le Peintre bÃĒtiment Sabran,Sabran,108 avenue Jean JaurÃĻs,30200,0438077053,lepeintrebÃĒtimentsabran@local.fr,Peintre bÃĒtiment
Artisan Fleuriste Laval,Laval-Saint-Roman,61 rue du Centre,30760,0409850558,artisanfleuristelaval@local.fr,Fleuriste
Atelier Garage automobile Orsan,Orsan,71 place de la Mairie,30200,0440591239,ateliergarageautomobileorsan@local.fr,Garage automobile
Atelier Agence immobiliÃĻre Sabran,Sabran,77 rue des Ãcoles,30200,0440680768,atelieragenceimmobiliÃĻresabran@local.fr,Agence immobiliÃĻre
Les Paysagiste Sabran,Sabran,11 avenue Jean JaurÃĻs,30200,0471601912,lespaysagistesabran@local.fr,Paysagiste
Entreprise Plombier Montclus,Montclus,118 avenue Jean JaurÃĻs,30630,0490842574,entrepriseplombiermontclus@local.fr,Plombier
La Garage automobile Bagnols,Bagnols-sur-CÃĻze,49 avenue du RhÃīne,30200,0451104164,lagarageautomobilebagnols@local.fr,Garage automobile
Maison Ãlectricien Roquemaure,Roquemaure,93 avenue de Provence,30150,0449757527,maisonÃĐlectricienroquemaure@local.fr,Ãlectricien
Comptoir Bar / CafÃĐ Saint,Saint-Gervais,17 rue du Centre,30200,0441847806,comptoirbarcafÃĐsaint@local.fr,Bar / CafÃĐ
Artisan Librairie Bagnols,Bagnols-sur-CÃĻze,59 rue des Oliviers,30200,0439946222,artisanlibrairiebagnols@local.fr,Librairie
Atelier Menuisier Codolet,Codolet,92 rue du Stade,30200,0407355270,ateliermenuisiercodolet@local.fr,Menuisier
Comptoir Ãlectricien Connaux,Connaux,50 place de la Mairie,30330,0415636848,comptoirÃĐlectricienconnaux@local.fr,Ãlectricien
Comptoir Plombier La Roque,La Roque-sur-CÃĻze,58 rue des Oliviers,30200,0496839557,comptoirplombierlaroque@local.fr,Plombier
Boutique Plombier Laudun,Laudun-l'Ardoise,9 rue du Centre,30290,0438956285,boutiqueplombierlaudun@local.fr,Plombier
Services Agence immobiliÃĻre Saint,Saint-Paulet-de-Caisson,73 avenue Jean JaurÃĻs,30130,0457588933,servicesagenceimmobiliÃĻresaint@local.fr,Agence immobiliÃĻre
La Informatique Chusclan,Chusclan,58 rue des Ãcoles,30200,0402757881,lainformatiquechusclan@local.fr,Informatique
Artisan Carreleur Saint,Saint-Gervais,9 place de la Mairie,30200,0406441665,artisancarreleursaint@local.fr,Carreleur
La Boulangerie Verfeuil,Verfeuil,100 avenue Jean JaurÃĻs,30630,0452886808,laboulangerieverfeuil@local.fr,Boulangerie
Comptoir Restaurant Orsan,Orsan,82 rue du Centre,30200,0433886077,comptoirrestaurantorsan@local.fr,Restaurant
Artisan Boucherie Pont,Pont-Saint-Esprit,107 rue du Stade,30130,0434392855,artisanboucheriepont@local.fr,Boucherie
La Garage automobile Goudargues,Goudargues,94 rue du Stade,30630,0451338097,lagarageautomobilegoudargues@local.fr,Garage automobile
Services Garage automobile Saint,Saint-AndrÃĐ-de-Roquepertuis,87 rue du Centre,30630,0486622512,servicesgarageautomobilesaint@local.fr,Garage automobile
Atelier Peintre bÃĒtiment Saint,Saint-Paulet-de-Caisson,111 rue du Stade,30130,0478379916,atelierpeintrebÃĒtimentsaint@local.fr,Peintre bÃĒtiment
Artisan Informatique Saint,Saint-Nazaire,82 rue du Centre,30200,0453951877,artisaninformatiquesaint@local.fr,Informatique
Comptoir Institut de beautÃĐ AiguÃĻze,AiguÃĻze,97 rue de la RÃĐpublique,30760,0407291703,comptoirinstitutdebeautÃĐaiguÃĻze@local.fr,Institut de beautÃĐ
Artisan Carreleur Salazac,Salazac,21 rue des Ãcoles,30760,0476626270,artisancarreleursalazac@local.fr,Carreleur
Boutique Peintre bÃĒtiment Pont,Pont-Saint-Esprit,23 rue du Centre,30130,0411791752,boutiquepeintrebÃĒtimentpont@local.fr,Peintre bÃĒtiment
Le Institut de beautÃĐ Montclus,Montclus,23 place de la Mairie,30630,0467325142,leinstitutdebeautÃĐmontclus@local.fr,Institut de beautÃĐ
Maison Ãlectricien Orsan,Orsan,95 rue du Centre,30200,0432343525,maisonÃĐlectricienorsan@local.fr,Ãlectricien
Services Librairie Tavel,Tavel,39 rue de la RÃĐpublique,30126,0466954681,serviceslibrairietavel@local.fr,Librairie
Artisan Boucherie Orsan,Orsan,66 rue de la RÃĐpublique,30200,0414932421,artisanboucherieorsan@local.fr,Boucherie
La Photographe Saint,Saint-Laurent-des-Arbres,47 avenue de Provence,30126,0431267885,laphotographesaint@local.fr,Photographe
Atelier Librairie Goudargues,Goudargues,18 rue des Oliviers,30630,0465879465,atelierlibrairiegoudargues@local.fr,Librairie
Entreprise Carreleur Connaux,Connaux,103 rue du Stade,30330,0447056501,entreprisecarreleurconnaux@local.fr,Carreleur
Le Ãlectricien Montclus,Montclus,21 rue des Oliviers,30630,0443782696,leÃĐlectricienmontclus@local.fr,Ãlectricien
La Ãlectricien Saint,Saint-Nazaire,55 chemin des Vignes,30200,0458079878,laÃĐlectriciensaint@local.fr,Ãlectricien
Boutique MaÃ§on Saint,Saint-Julien-de-Peyrolas,18 rue des Oliviers,30760,0401462870,boutiquemaÃ§onsaint@local.fr,MaÃ§on
Comptoir Ãlectricien Saint,Saint-AndrÃĐ-de-Roquepertuis,92 place de la Mairie,30630,0411623772,comptoirÃĐlectriciensaint@local.fr,Ãlectricien
Entreprise Ãpicerie Roquemaure,Roquemaure,1 chemin des Vignes,30150,0418114899,entrepriseÃĐpicerieroquemaure@local.fr,Ãpicerie
Comptoir Boulangerie Saint,Saint-AndrÃĐ-de-Roquepertuis,22 rue du Centre,30630,0493809420,comptoirboulangeriesaint@local.fr,Boulangerie
Le Ãpicerie Salazac,Salazac,19 avenue de Provence,30760,0486065855,leÃĐpiceriesalazac@local.fr,Ãpicerie
Boutique Agence immobiliÃĻre Goudargues,Goudargues,51 place de la Mairie,30630,0449751979,boutiqueagenceimmobiliÃĻregoudargues@local.fr,Agence immobiliÃĻre
Les Peintre bÃĒtiment Sabran,Sabran,77 rue des Oliviers,30200,0410599340,lespeintrebÃĒtimentsabran@local.fr,Peintre bÃĒtiment
Comptoir Agence immobiliÃĻre AiguÃĻze,AiguÃĻze,109 avenue du RhÃīne,30760,0459446052,comptoiragenceimmobiliÃĻreaiguÃĻze@local.fr,Agence immobiliÃĻre
Atelier Restaurant Saint,Saint-Gervais,46 chemin des Vignes,30200,0459658027,atelierrestaurantsaint@local.fr,Restaurant
Boutique Coiffeur VÃĐnÃĐjan,VÃĐnÃĐjan,12 rue de la RÃĐpublique,30200,0442289680,boutiquecoiffeurvÃĐnÃĐjan@local.fr,Coiffeur
Atelier Restaurant Montclus,Montclus,64 place de la Mairie,30630,0443949190,atelierrestaurantmontclus@local.fr,Restaurant
Atelier Plombier Verfeuil,Verfeuil,44 rue de la RÃĐpublique,30630,0459075881,atelierplombierverfeuil@local.fr,Plombier
Maison Photographe Cavillargues,Cavillargues,61 rue du Stade,30330,0483368708,maisonphotographecavillargues@local.fr,Photographe
Services Fleuriste Saint,Saint-Paulet-de-Caisson,116 chemin des Vignes,30130,0465556658,servicesfleuristesaint@local.fr,Fleuriste
Le Librairie Codolet,Codolet,14 avenue de Provence,30200,0443860345,lelibrairiecodolet@local.fr,Librairie
La MaÃ§on Lirac,Lirac,43 rue des Oliviers,30126,0464187260,lamaÃ§onlirac@local.fr,MaÃ§on
Services Bar / CafÃĐ Codolet,Codolet,84 place de la Mairie,30200,0464930953,servicesbarcafÃĐcodolet@local.fr,Bar / CafÃĐ
Les Fleuriste Roquemaure,Roquemaure,119 rue du Stade,30150,0401999261,lesfleuristeroquemaure@local.fr,Fleuriste
La Fleuriste Lirac,Lirac,46 avenue Jean JaurÃĻs,30126,0414429538,lafleuristelirac@local.fr,Fleuriste
La Boulangerie Bagnols,Bagnols-sur-CÃĻze,51 avenue Jean JaurÃĻs,30200,0461745777,laboulangeriebagnols@local.fr,Boulangerie
Atelier Informatique Carsan,Carsan,79 avenue du RhÃīne,30130,0418252310,atelierinformatiquecarsan@local.fr,Informatique
Atelier Ãpicerie Codolet,Codolet,83 rue des Oliviers,30200,0458102291,atelierÃĐpiceriecodolet@local.fr,Ãpicerie
Le Ãlectricien Cavillargues,Cavillargues,1 chemin des Vignes,30330,0438915119,leÃĐlectriciencavillargues@local.fr,Ãlectricien
Boutique Fleuriste Montclus,Montclus,109 chemin des Vignes,30630,0413189683,boutiquefleuristemontclus@local.fr,Fleuriste
Comptoir Agence immobiliÃĻre Laudun,Laudun-l'Ardoise,105 avenue de Provence,30290,0456349958,comptoiragenceimmobiliÃĻrelaudun@local.fr,Agence immobiliÃĻre
Les Ãlectricien Pont,Pont-Saint-Esprit,46 avenue Jean JaurÃĻs,30130,0400537996,lesÃĐlectricienpont@local.fr,Ãlectricien
Les Coiffeur Laudun,Laudun-l'Ardoise,38 rue de la RÃĐpublique,30290,0426915339,lescoiffeurlaudun@local.fr,Coiffeur
Entreprise Boucherie Orsan,Orsan,113 avenue de Provence,30200,0471254078,entrepriseboucherieorsan@local.fr,Boucherie
Maison Restaurant Lirac,Lirac,75 rue des Ãcoles,30126,0448263031,maisonrestaurantlirac@local.fr,Restaurant
Artisan Menuisier Issirac,Issirac,102 chemin des Vignes,30760,0434895010,artisanmenuisierissirac@local.fr,Menuisier
La Peintre bÃĒtiment Saint,Saint-AndrÃĐ-de-Roquepertuis,19 rue de la RÃĐpublique,30630,0409904538,lapeintrebÃĒtimentsaint@local.fr,Peintre bÃĒtiment
Maison Agence immobiliÃĻre Saint,Saint-Gervais,67 chemin des Vignes,30200,0422814247,maisonagenceimmobiliÃĻresaint@local.fr,Agence immobiliÃĻre
La Peintre bÃĒtiment AiguÃĻze,AiguÃĻze,66 rue du Centre,30760,0470908781,lapeintrebÃĒtimentaiguÃĻze@local.fr,Peintre bÃĒtiment
Services Boucherie Chusclan,Chusclan,67 avenue du RhÃīne,30200,0405727268,servicesboucheriechusclan@local.fr,Boucherie
Le Boucherie Laval,Laval-Saint-Roman,19 rue des Oliviers,30760,0441902697,leboucherielaval@local.fr,Boucherie
Boutique Garage automobile Roquemaure,Roquemaure,83 rue des Oliviers,30150,0459944871,boutiquegarageautomobileroquemaure@local.fr,Garage automobile
Atelier Carreleur Issirac,Issirac,25 rue des Ãcoles,30760,0421116792,ateliercarreleurissirac@local.fr,Carreleur
La Boulangerie Orsan,Orsan,110 rue des Ãcoles,30200,0417921364,laboulangerieorsan@local.fr,Boulangerie
La Librairie Montclus,Montclus,85 avenue du RhÃīne,30630,0437408472,lalibrairiemontclus@local.fr,Librairie
Atelier Carreleur Cavillargues,Cavillargues,73 rue du Stade,30330,0445767818,ateliercarreleurcavillargues@local.fr,Carreleur
Atelier Restaurant Montclus,Montclus,112 chemin des Vignes,30630,0467355112,atelierrestaurantmontclus@local.fr,Restaurant
Le Agence immobiliÃĻre Connaux,Connaux,88 rue des Ãcoles,30330,0442957531,leagenceimmobiliÃĻreconnaux@local.fr,Agence immobiliÃĻre
Entreprise Garage automobile Bagnols,Bagnols-sur-CÃĻze,88 avenue de Provence,30200,0429477061,entreprisegarageautomobilebagnols@local.fr,Garage automobile
Boutique Informatique Chusclan,Chusclan,54 avenue Jean JaurÃĻs,30200,0409121825,boutiqueinformatiquechusclan@local.fr,Informatique
La Coiffeur Bagnols,Bagnols-sur-CÃĻze,9 avenue du RhÃīne,30200,0415130968,lacoiffeurbagnols@local.fr,Coiffeur
Entreprise Institut de beautÃĐ Connaux,Connaux,60 rue du Centre,30330,0412000514,entrepriseinstitutdebeautÃĐconnaux@local.fr,Institut de beautÃĐ
Entreprise Librairie Saint,Saint-Laurent-des-Arbres,106 avenue du RhÃīne,30126,0446828396,entrepriselibrairiesaint@local.fr,Librairie
La Peintre bÃĒtiment Issirac,Issirac,120 avenue de Provence,30760,0431741758,lapeintrebÃĒtimentissirac@local.fr,Peintre bÃĒtiment
Services Boulangerie Laval,Laval-Saint-Roman,13 chemin des Vignes,30760,0433387857,servicesboulangerielaval@local.fr,Boulangerie
Le Peintre bÃĒtiment Codolet,Codolet,62 avenue de Provence,30200,0456122847,lepeintrebÃĒtimentcodolet@local.fr,Peintre bÃĒtiment
Services Librairie Saint,Saint-Laurent-des-Arbres,10 rue du Stade,30126,0426953927,serviceslibrairiesaint@local.fr,Librairie
Les Bar / CafÃĐ Saint,Saint-Gervais,31 rue de la RÃĐpublique,30200,0489064113,lesbarcafÃĐsaint@local.fr,Bar / CafÃĐ
La Ãlectricien Saint,Saint-Julien-de-Peyrolas,50 rue des Ãcoles,30760,0490338147,laÃĐlectriciensaint@local.fr,Ãlectricien
Artisan Coiffeur Carsan,Carsan,43 rue du Stade,30130,0418014370,artisancoiffeurcarsan@local.fr,Coiffeur
Le MaÃ§on Roquemaure,Roquemaure,79 rue de la RÃĐpublique,30150,0471974203,lemaÃ§onroquemaure@local.fr,MaÃ§on
La Plombier Salazac,Salazac,38 rue du Centre,30760,0412271738,laplombiersalazac@local.fr,Plombier
Entreprise Bar / CafÃĐ Saint,Saint-Paulet-de-Caisson,59 place de la Mairie,30130,0468445351,entreprisebarcafÃĐsaint@local.fr,Bar / CafÃĐ
La Paysagiste Salazac,Salazac,55 rue des Oliviers,30760,0411585335,lapaysagistesalazac@local.fr,Paysagiste
Artisan Garage automobile Saint,Saint-Paulet-de-Caisson,120 rue des Oliviers,30130,0460797834,artisangarageautomobilesaint@local.fr,Garage automobile
Les Fleuriste Codolet,Codolet,20 avenue Jean JaurÃĻs,30200,0448137981,lesfleuristecodolet@local.fr,Fleuriste
Artisan Agence immobiliÃĻre La Roque,La Roque-sur-CÃĻze,13 avenue Jean JaurÃĻs,30200,0445169449,artisanagenceimmobiliÃĻrelaroque@local.fr,Agence immobiliÃĻre
Comptoir Institut de beautÃĐ Tresques,Tresques,27 avenue Jean JaurÃĻs,30330,0446244845,comptoirinstitutdebeautÃĐtresques@local.fr,Institut de beautÃĐ
La Plombier Issirac,Issirac,76 rue des Oliviers,30760,0440956968,laplombierissirac@local.fr,Plombier
Atelier Ãlectricien Cavillargues,Cavillargues,87 avenue du RhÃīne,30330,0456741656,atelierÃĐlectriciencavillargues@local.fr,Ãlectricien
Boutique Carreleur Verfeuil,Verfeuil,1 chemin des Vignes,30630,0427453405,boutiquecarreleurverfeuil@local.fr,Carreleur
Entreprise MaÃ§on Lirac,Lirac,18 rue du Stade,30126,0445858784,entreprisemaÃ§onlirac@local.fr,MaÃ§on
Services Librairie Saint,Saint-Julien-de-Peyrolas,38 rue du Stade,30760,0407330229,serviceslibrairiesaint@local.fr,Librairie
Boutique Librairie AiguÃĻze,AiguÃĻze,75 rue des Ãcoles,30760,0451827605,boutiquelibrairieaiguÃĻze@local.fr,Librairie
Boutique Informatique Connaux,Connaux,29 chemin des Vignes,30330,0470594366,boutiqueinformatiqueconnaux@local.fr,Informatique
Comptoir MaÃ§on Connaux,Connaux,75 rue de la RÃĐpublique,30330,0452823464,comptoirmaÃ§onconnaux@local.fr,MaÃ§on
Le Coiffeur Salazac,Salazac,33 rue des Ãcoles,30760,0449070173,lecoiffeursalazac@local.fr,Coiffeur
Atelier Bar / CafÃĐ Salazac,Salazac,69 rue de la RÃĐpublique,30760,0420147357,atelierbarcafÃĐsalazac@local.fr,Bar / CafÃĐ
Services MaÃ§on Saint,Saint-Nazaire,67 avenue du RhÃīne,30200,0478588949,servicesmaÃ§onsaint@local.fr,MaÃ§on
Services MaÃ§on Cornillon,Cornillon,51 avenue Jean JaurÃĻs,30630,0417687617,servicesmaÃ§oncornillon@local.fr,MaÃ§on
Entreprise Fleuriste Tresques,Tresques,11 rue des Ãcoles,30330,0445617041,entreprisefleuristetresques@local.fr,Fleuriste
Les Paysagiste AiguÃĻze,AiguÃĻze,80 avenue du RhÃīne,30760,0416129037,lespaysagisteaiguÃĻze@local.fr,Paysagiste
Atelier Paysagiste Laudun,Laudun-l'Ardoise,77 avenue de Provence,30290,0448500966,atelierpaysagistelaudun@local.fr,Paysagiste
Maison Carreleur Le Garn,Le Garn,36 place de la Mairie,30760,0445853100,maisoncarreleurlegarn@local.fr,Carreleur
Artisan Informatique Bagnols,Bagnols-sur-CÃĻze,18 place de la Mairie,30200,0464043016,artisaninformatiquebagnols@local.fr,Informatique
Comptoir Menuisier Saint,Saint-Julien-de-Peyrolas,9 rue des Oliviers,30760,0498611626,comptoirmenuisiersaint@local.fr,Menuisier
Artisan Restaurant Goudargues,Goudargues,6 avenue Jean JaurÃĻs,30630,0421137912,artisanrestaurantgoudargues@local.fr,Restaurant
Services Peintre bÃĒtiment Verfeuil,Verfeuil,94 rue des Oliviers,30630,0480405469,servicespeintrebÃĒtimentverfeuil@local.fr,Peintre bÃĒtiment
Artisan Bar / CafÃĐ Laudun,Laudun-l'Ardoise,21 avenue de Provence,30290,0440438023,artisanbarcafÃĐlaudun@local.fr,Bar / CafÃĐ
La Ãlectricien Saint,Saint-Paulet-de-Caisson,69 rue des Oliviers,30130,0403488390,laÃĐlectriciensaint@local.fr,Ãlectricien
Le Peintre bÃĒtiment Saint,Saint-Nazaire,12 avenue de Provence,30200,0431399925,lepeintrebÃĒtimentsaint@local.fr,Peintre bÃĒtiment
Entreprise Plombier Tresques,Tresques,86 place de la Mairie,30330,0434438781,entrepriseplombiertresques@local.fr,Plombier
Les Bar / CafÃĐ Chusclan,Chusclan,98 chemin des Vignes,30200,0452209590,lesbarcafÃĐchusclan@local.fr,Bar / CafÃĐ
Boutique Ãlectricien Goudargues,Goudargues,86 rue des Oliviers,30630,0408897658,boutiqueÃĐlectriciengoudargues@local.fr,Ãlectricien
Maison Paysagiste Le Garn,Le Garn,113 rue du Centre,30760,0487151706,maisonpaysagistelegarn@local.fr,Paysagiste
Boutique Carreleur AiguÃĻze,AiguÃĻze,56 rue de la RÃĐpublique,30760,0444210244,boutiquecarreleuraiguÃĻze@local.fr,Carreleur
Le Peintre bÃĒtiment Orsan,Orsan,79 avenue de Provence,30200,0425221368,lepeintrebÃĒtimentorsan@local.fr,Peintre bÃĒtiment
Services Peintre bÃĒtiment Saint,Saint-Laurent-des-Arbres,38 place de la Mairie,30126,0411878526,servicespeintrebÃĒtimentsaint@local.fr,Peintre bÃĒtiment
Artisan Coiffeur Roquemaure,Roquemaure,35 rue de la RÃĐpublique,30150,0444911874,artisancoiffeurroquemaure@local.fr,Coiffeur
Le Fleuriste Sabran,Sabran,60 avenue Jean JaurÃĻs,30200,0417925776,lefleuristesabran@local.fr,Fleuriste
Services Garage automobile Saint,Saint-Nazaire,39 rue des Oliviers,30200,0467428683,servicesgarageautomobilesaint@local.fr,Garage automobile
Le Informatique Saint,Saint-Nazaire,97 rue de la RÃĐpublique,30200,0493685096,leinformatiquesaint@local.fr,Informatique
Le Photographe Pont,Pont-Saint-Esprit,75 rue des Oliviers,30130,0417107024,lephotographepont@local.fr,Photographe
Le Peintre bÃĒtiment Pont,Pont-Saint-Esprit,6 place de la Mairie,30130,0497637414,lepeintrebÃĒtimentpont@local.fr,Peintre bÃĒtiment
Boutique Ãpicerie VÃĐnÃĐjan,VÃĐnÃĐjan,63 avenue de Provence,30200,0488288926,boutiqueÃĐpicerievÃĐnÃĐjan@local.fr,Ãpicerie
Artisan Fleuriste La Roque,La Roque-sur-CÃĻze,107 place de la Mairie,30200,0494860363,artisanfleuristelaroque@local.fr,Fleuriste
Maison Photographe Chusclan,Chusclan,47 avenue de Provence,30200,0467589704,maisonphotographechusclan@local.fr,Photographe
Artisan Coiffeur Cavillargues,Cavillargues,104 avenue de Provence,30330,0432218337,artisancoiffeurcavillargues@local.fr,Coiffeur
Artisan Librairie La Roque,La Roque-sur-CÃĻze,57 chemin des Vignes,30200,0491561150,artisanlibrairielaroque@local.fr,Librairie
Entreprise Peintre bÃĒtiment Salazac,Salazac,107 chemin des Vignes,30760,0468824541,entreprisepeintrebÃĒtimentsalazac@local.fr,Peintre bÃĒtiment
Comptoir Photographe Tavel,Tavel,58 place de la Mairie,30126,0476936744,comptoirphotographetavel@local.fr,Photographe
Artisan Institut de beautÃĐ Connaux,Connaux,50 rue des Ãcoles,30330,0438364095,artisaninstitutdebeautÃĐconnaux@local.fr,Institut de beautÃĐ
Boutique Paysagiste VÃĐnÃĐjan,VÃĐnÃĐjan,60 chemin des Vignes,30200,0443810085,boutiquepaysagistevÃĐnÃĐjan@local.fr,Paysagiste
Maison Informatique Saint,Saint-Nazaire,27 rue des Oliviers,30200,0447305383,maisoninformatiquesaint@local.fr,Informatique
Maison Agence immobiliÃĻre Tavel,Tavel,20 place de la Mairie,30126,0429032673,maisonagenceimmobiliÃĻretavel@local.fr,Agence immobiliÃĻre
Maison Ãpicerie Cornillon,Cornillon,95 avenue du RhÃīne,30630,0492944831,maisonÃĐpiceriecornillon@local.fr,Ãpicerie
Maison Paysagiste Saint,Saint-Laurent-des-Arbres,119 chemin des Vignes,30126,0488262549,maisonpaysagistesaint@local.fr,Paysagiste
Artisan Carreleur Goudargues,Goudargues,95 chemin des Vignes,30630,0426744510,artisancarreleurgoudargues@local.fr,Carreleur
Artisan Ãlectricien Bagnols,Bagnols-sur-CÃĻze,12 avenue de Provence,30200,0419924153,artisanÃĐlectricienbagnols@local.fr,Ãlectricien
Maison Restaurant Tresques,Tresques,89 place de la Mairie,30330,0464460129,maisonrestauranttresques@local.fr,Restaurant
Entreprise MaÃ§on Issirac,Issirac,26 chemin des Vignes,30760,0472738077,entreprisemaÃ§onissirac@local.fr,MaÃ§on
La Ãlectricien Orsan,Orsan,69 avenue Jean JaurÃĻs,30200,0457666614,laÃĐlectricienorsan@local.fr,Ãlectricien
Artisan Institut de beautÃĐ Saint,Saint-Julien-de-Peyrolas,7 rue des Oliviers,30760,0407653791,artisaninstitutdebeautÃĐsaint@local.fr,Institut de beautÃĐ
Atelier Boucherie Tresques,Tresques,40 avenue de Provence,30330,0412066009,atelierboucherietresques@local.fr,Boucherie
Atelier Carreleur Saint,Saint-Julien-de-Peyrolas,16 avenue du RhÃīne,30760,0459449051,ateliercarreleursaint@local.fr,Carreleur
Maison Paysagiste Chusclan,Chusclan,52 avenue du RhÃīne,30200,0456672442,maisonpaysagistechusclan@local.fr,Paysagiste
Artisan Peintre bÃĒtiment Cornillon,Cornillon,9 rue du Stade,30630,0409603129,artisanpeintrebÃĒtimentcornillon@local.fr,Peintre bÃĒtiment
Atelier Bar / CafÃĐ Issirac,Issirac,50 avenue Jean JaurÃĻs,30760,0492502574,atelierbarcafÃĐissirac@local.fr,Bar / CafÃĐ
La Informatique Saint,Saint-Paulet-de-Caisson,59 rue des Ãcoles,30130,0473779587,lainformatiquesaint@local.fr,Informatique
Maison Boucherie Issirac,Issirac,36 avenue de Provence,30760,0465642859,maisonboucherieissirac@local.fr,Boucherie
La Photographe Chusclan,Chusclan,92 chemin des Vignes,30200,0422022721,laphotographechusclan@local.fr,Photographe
La Coiffeur Verfeuil,Verfeuil,93 chemin des Vignes,30630,0403336922,lacoiffeurverfeuil@local.fr,Coiffeur
Artisan Coiffeur Verfeuil,Verfeuil,3 rue des Ãcoles,30630,0469076308,artisancoiffeurverfeuil@local.fr,Coiffeur
Le Boucherie Pont,Pont-Saint-Esprit,85 chemin des Vignes,30130,0417456141,leboucheriepont@local.fr,Boucherie
Comptoir Garage automobile Saint,Saint-Laurent-des-Arbres,51 place de la Mairie,30126,0419351252,comptoirgarageautomobilesaint@local.fr,Garage automobile
Maison Paysagiste Laval,Laval-Saint-Roman,80 avenue Jean JaurÃĻs,30760,0403386788,maisonpaysagistelaval@local.fr,Paysagiste
Services Ãpicerie Orsan,Orsan,88 rue du Stade,30200,0493866784,servicesÃĐpicerieorsan@local.fr,Ãpicerie
Les Boulangerie Codolet,Codolet,64 avenue du RhÃīne,30200,0494987740,lesboulangeriecodolet@local.fr,Boulangerie
Maison Plombier Cavillargues,Cavillargues,32 rue du Centre,30330,0422232118,maisonplombiercavillargues@local.fr,Plombier
Les Peintre bÃĒtiment La Roque,La Roque-sur-CÃĻze,22 avenue du RhÃīne,30200,0490906610,lespeintrebÃĒtimentlaroque@local.fr,Peintre bÃĒtiment
Comptoir Peintre bÃĒtiment Sabran,Sabran,112 avenue de Provence,30200,0407788648,comptoirpeintrebÃĒtimentsabran@local.fr,Peintre bÃĒtiment
Atelier Garage automobile Goudargues,Goudargues,39 rue du Centre,30630,0445948490,ateliergarageautomobilegoudargues@local.fr,Garage automobile
Le Boulangerie Connaux,Connaux,101 rue des Ãcoles,30330,0411637243,leboulangerieconnaux@local.fr,Boulangerie
Maison Garage automobile Saint,Saint-Paulet-de-Caisson,2 rue des Ãcoles,30130,0437980443,maisongarageautomobilesaint@local.fr,Garage automobile
Atelier Informatique Codolet,Codolet,17 place de la Mairie,30200,0449402859,atelierinformatiquecodolet@local.fr,Informatique
Les Carreleur Lirac,Lirac,15 rue des Ãcoles,30126,0461170887,lescarreleurlirac@local.fr,Carreleur
Comptoir Coiffeur Pont,Pont-Saint-Esprit,107 rue du Centre,30130,0401962272,comptoircoiffeurpont@local.fr,Coiffeur
Atelier Institut de beautÃĐ Verfeuil,Verfeuil,7 rue du Centre,30630,0439134703,atelierinstitutdebeautÃĐverfeuil@local.fr,Institut de beautÃĐ
Le Agence immobiliÃĻre Pont,Pont-Saint-Esprit,3 avenue Jean JaurÃĻs,30130,0486250683,leagenceimmobiliÃĻrepont@local.fr,Agence immobiliÃĻre
Boutique Boulangerie Le Garn,Le Garn,79 place de la Mairie,30760,0429474877,boutiqueboulangerielegarn@local.fr,Boulangerie
Entreprise Restaurant Verfeuil,Verfeuil,117 avenue Jean JaurÃĻs,30630,0451673854,entrepriserestaurantverfeuil@local.fr,Restaurant
Comptoir Librairie Codolet,Codolet,5 avenue du RhÃīne,30200,0432475964,comptoirlibrairiecodolet@local.fr,Librairie
Le Ãlectricien Tavel,Tavel,65 rue des Ãcoles,30126,0467526482,leÃĐlectricientavel@local.fr,Ãlectricien
Maison Peintre bÃĒtiment Connaux,Connaux,18 rue du Centre,30330,0428610793,maisonpeintrebÃĒtimentconnaux@local.fr,Peintre bÃĒtiment
Services Menuisier Saint,Saint-Paulet-de-Caisson,75 chemin des Vignes,30130,0494539688,servicesmenuisiersaint@local.fr,Menuisier
La Informatique Codolet,Codolet,96 rue de la RÃĐpublique,30200,0457673116,lainformatiquecodolet@local.fr,Informatique
Services Informatique AiguÃĻze,AiguÃĻze,119 rue des Oliviers,30760,0497984232,servicesinformatiqueaiguÃĻze@local.fr,Informatique
Les Photographe Pont,Pont-Saint-Esprit,94 rue du Centre,30130,0455365795,lesphotographepont@local.fr,Photographe
Maison Agence immobiliÃĻre La Roque,La Roque-sur-CÃĻze,18 avenue Jean JaurÃĻs,30200,0451352108,maisonagenceimmobiliÃĻrelaroque@local.fr,Agence immobiliÃĻre
Services Fleuriste Sabran,Sabran,56 rue du Centre,30200,0434059880,servicesfleuristesabran@local.fr,Fleuriste
La Ãlectricien Pont,Pont-Saint-Esprit,72 place de la Mairie,30130,0479257243,laÃĐlectricienpont@local.fr,Ãlectricien
Services Paysagiste Goudargues,Goudargues,45 avenue du RhÃīne,30630,0467006641,servicespaysagistegoudargues@local.fr,Paysagiste
La Boulangerie Bagnols,Bagnols-sur-CÃĻze,40 rue des Ãcoles,30200,0447722132,laboulangeriebagnols@local.fr,Boulangerie
Le Garage automobile Montclus,Montclus,38 avenue du RhÃīne,30630,0494768048,legarageautomobilemontclus@local.fr,Garage automobile
La Restaurant Goudargues,Goudargues,70 rue du Centre,30630,0445615968,larestaurantgoudargues@local.fr,Restaurant
Atelier Ãlectricien Saint,Saint-Gervais,22 rue du Centre,30200,0421081047,atelierÃĐlectriciensaint@local.fr,Ãlectricien
Maison Garage automobile Roquemaure,Roquemaure,54 rue de la RÃĐpublique,30150,0431351928,maisongarageautomobileroquemaure@local.fr,Garage automobile
Le MaÃ§on Cornillon,Cornillon,21 chemin des Vignes,30630,0441845748,lemaÃ§oncornillon@local.fr,MaÃ§on
Comptoir Bar / CafÃĐ Saint,Saint-AndrÃĐ-de-Roquepertuis,7 avenue de Provence,30630,0480001013,comptoirbarcafÃĐsaint@local.fr,Bar / CafÃĐ
Comptoir Ãpicerie Le Garn,Le Garn,78 avenue du RhÃīne,30760,0400250362,comptoirÃĐpicerielegarn@local.fr,Ãpicerie
Comptoir Plombier La Roque,La Roque-sur-CÃĻze,17 avenue de Provence,30200,0467381956,comptoirplombierlaroque@local.fr,Plombier
Le Coiffeur Salazac,Salazac,65 rue des Ãcoles,30760,0412044093,lecoiffeursalazac@local.fr,Coiffeur
Atelier Photographe VÃĐnÃĐjan,VÃĐnÃĐjan,112 rue des Ãcoles,30200,0426762864,atelierphotographevÃĐnÃĐjan@local.fr,Photographe
Boutique Restaurant Verfeuil,Verfeuil,97 rue des Oliviers,30630,0496582408,boutiquerestaurantverfeuil@local.fr,Restaurant
Atelier Informatique Roquemaure,Roquemaure,66 rue du Stade,30150,0455779524,atelierinformatiqueroquemaure@local.fr,Informatique
La Bar / CafÃĐ Salazac,Salazac,79 rue du Centre,30760,0453904902,labarcafÃĐsalazac@local.fr,Bar / CafÃĐ
Boutique Informatique Chusclan,Chusclan,92 rue du Centre,30200,0466744300,boutiqueinformatiquechusclan@local.fr,Informatique
Atelier Restaurant Tresques,Tresques,35 rue du Centre,30330,0415928791,atelierrestauranttresques@local.fr,Restaurant
Entreprise Peintre bÃĒtiment Tavel,Tavel,46 avenue de Provence,30126,0451680114,entreprisepeintrebÃĒtimenttavel@local.fr,Peintre bÃĒtiment
Boutique Paysagiste AiguÃĻze,AiguÃĻze,74 avenue de Provence,30760,0489346205,boutiquepaysagisteaiguÃĻze@local.fr,Paysagiste
Maison Boucherie Bagnols,Bagnols-sur-CÃĻze,5 rue de la RÃĐpublique,30200,0473111253,maisonboucheriebagnols@local.fr,Boucherie
Entreprise Peintre bÃĒtiment Salazac,Salazac,89 rue des Ãcoles,30760,0482007130,entreprisepeintrebÃĒtimentsalazac@local.fr,Peintre bÃĒtiment
Atelier Fleuriste Saint,Saint-Julien-de-Peyrolas,81 avenue du RhÃīne,30760,0467668846,atelierfleuristesaint@local.fr,Fleuriste
Comptoir Informatique Bagnols,Bagnols-sur-CÃĻze,17 avenue du RhÃīne,30200,0461490441,comptoirinformatiquebagnols@local.fr,Informatique
Boutique Restaurant Connaux,Connaux,93 place de la Mairie,30330,0424594343,boutiquerestaurantconnaux@local.fr,Restaurant
Services Ãlectricien Montclus,Montclus,60 chemin des Vignes,30630,0468740921,servicesÃĐlectricienmontclus@local.fr,Ãlectricien
Le Paysagiste Sabran,Sabran,119 rue des Ãcoles,30200,0453271249,lepaysagistesabran@local.fr,Paysagiste
Atelier Carreleur Saint,Saint-Laurent-des-Arbres,16 avenue du RhÃīne,30126,0459059889,ateliercarreleursaint@local.fr,Carreleur
Services Agence immobiliÃĻre Carsan,Carsan,22 avenue du RhÃīne,30130,0421242605,servicesagenceimmobiliÃĻrecarsan@local.fr,Agence immobiliÃĻre
Entreprise Fleuriste Verfeuil,Verfeuil,40 place de la Mairie,30630,0454649130,entreprisefleuristeverfeuil@local.fr,Fleuriste
La Agence immobiliÃĻre Cornillon,Cornillon,114 chemin des Vignes,30630,0441337139,laagenceimmobiliÃĻrecornillon@local.fr,Agence immobiliÃĻre
Boutique Paysagiste Sabran,Sabran,37 place de la Mairie,30200,0426759636,boutiquepaysagistesabran@local.fr,Paysagiste
Atelier Coiffeur Pont,Pont-Saint-Esprit,12 rue du Stade,30130,0467972722,ateliercoiffeurpont@local.fr,Coiffeur
Comptoir Menuisier Montclus,Montclus,26 place de la Mairie,30630,0427162182,comptoirmenuisiermontclus@local.fr,Menuisier
Artisan Bar / CafÃĐ Le Garn,Le Garn,49 chemin des Vignes,30760,0401230910,artisanbarcafÃĐlegarn@local.fr,Bar / CafÃĐ
Les Coiffeur Cornillon,Cornillon,29 rue du Centre,30630,0436907038,lescoiffeurcornillon@local.fr,Coiffeur
Comptoir Boucherie AiguÃĻze,AiguÃĻze,55 rue de la RÃĐpublique,30760,0492871389,comptoirboucherieaiguÃĻze@local.fr,Boucherie
Les Carreleur Laudun,Laudun-l'Ardoise,38 rue du Centre,30290,0467647422,lescarreleurlaudun@local.fr,Carreleur
Boutique Boulangerie Cornillon,Cornillon,12 rue de la RÃĐpublique,30630,0414428533,boutiqueboulangeriecornillon@local.fr,Boulangerie
Les Coiffeur Cavillargues,Cavillargues,64 avenue Jean JaurÃĻs,30330,0464593904,lescoiffeurcavillargues@local.fr,Coiffeur
Artisan Ãlectricien Carsan,Carsan,21 rue du Stade,30130,0436207071,artisanÃĐlectriciencarsan@local.fr,Ãlectricien
Services MaÃ§on Laudun,Laudun-l'Ardoise,91 rue de la RÃĐpublique,30290,0452824544,servicesmaÃ§onlaudun@local.fr,MaÃ§on
La Boulangerie Chusclan,Chusclan,44 place de la Mairie,30200,0452306733,laboulangeriechusclan@local.fr,Boulangerie
La Plombier Sabran,Sabran,67 rue du Centre,30200,0492137973,laplombiersabran@local.fr,Plombier
Les Menuisier Le Garn,Le Garn,113 rue de la RÃĐpublique,30760,0455621105,lesmenuisierlegarn@local.fr,Menuisier
Entreprise Librairie Laval,Laval-Saint-Roman,1 avenue de Provence,30760,0430794827,entrepriselibrairielaval@local.fr,Librairie
Boutique Fleuriste Le Garn,Le Garn,66 chemin des Vignes,30760,0490332438,boutiquefleuristelegarn@local.fr,Fleuriste
La Carreleur Bagnols,Bagnols-sur-CÃĻze,119 avenue Jean JaurÃĻs,30200,0471819671,lacarreleurbagnols@local.fr,Carreleur
Comptoir Agence immobiliÃĻre Carsan,Carsan,29 rue des Oliviers,30130,0464507007,comptoiragenceimmobiliÃĻrecarsan@local.fr,Agence immobiliÃĻre
Boutique Garage automobile Lirac,Lirac,116 avenue du RhÃīne,30126,0475620030,boutiquegarageautomobilelirac@local.fr,Garage automobile
Services Ãpicerie Saint,Saint-AndrÃĐ-de-Roquepertuis,7 avenue du RhÃīne,30630,0480988908,servicesÃĐpiceriesaint@local.fr,Ãpicerie
Comptoir Menuisier Tresques,Tresques,4 avenue de Provence,30330,0455417349,comptoirmenuisiertresques@local.fr,Menuisier
La Librairie Saint,Saint-Laurent-des-Arbres,18 rue des Ãcoles,30126,0458100053,lalibrairiesaint@local.fr,Librairie
Artisan Fleuriste Tavel,Tavel,4 rue de la RÃĐpublique,30126,0411843784,artisanfleuristetavel@local.fr,Fleuriste
La Agence immobiliÃĻre Orsan,Orsan,113 chemin des Vignes,30200,0422009756,laagenceimmobiliÃĻreorsan@local.fr,Agence immobiliÃĻre
Entreprise Boulangerie Connaux,Connaux,27 avenue de Provence,30330,0422763712,entrepriseboulangerieconnaux@local.fr,Boulangerie
Le Garage automobile Saint,Saint-Paulet-de-Caisson,119 rue de la RÃĐpublique,30130,0408997686,legarageautomobilesaint@local.fr,Garage automobile
Artisan Photographe La Roque,La Roque-sur-CÃĻze,105 rue de la RÃĐpublique,30200,0454400662,artisanphotographelaroque@local.fr,Photographe
Les Fleuriste Sabran,Sabran,21 place de la Mairie,30200,0441783912,lesfleuristesabran@local.fr,Fleuriste
Les Menuisier Lirac,Lirac,64 chemin des Vignes,30126,0452522302,lesmenuisierlirac@local.fr,Menuisier
La Coiffeur Saint,Saint-Laurent-des-Arbres,6 rue de la RÃĐpublique,30126,0483079150,lacoiffeursaint@local.fr,Coiffeur
Les Ãlectricien Saint,Saint-Gervais,2 rue du Stade,30200,0424591422,lesÃĐlectriciensaint@local.fr,Ãlectricien
Les Restaurant Saint,Saint-Gervais,44 avenue Jean JaurÃĻs,30200,0458863678,lesrestaurantsaint@local.fr,Restaurant
Boutique Institut de beautÃĐ VÃĐnÃĐjan,VÃĐnÃĐjan,45 avenue Jean JaurÃĻs,30200,0411429163,boutiqueinstitutdebeautÃĐvÃĐnÃĐjan@local.fr,Institut de beautÃĐ
Le MaÃ§on Roquemaure,Roquemaure,29 chemin des Vignes,30150,0448753789,lemaÃ§onroquemaure@local.fr,MaÃ§on
Boutique Agence immobiliÃĻre AiguÃĻze,AiguÃĻze,78 avenue du RhÃīne,30760,0441177333,boutiqueagenceimmobiliÃĻreaiguÃĻze@local.fr,Agence immobiliÃĻre
Boutique Peintre bÃĒtiment Salazac,Salazac,52 avenue de Provence,30760,0473407162,boutiquepeintrebÃĒtimentsalazac@local.fr,Peintre bÃĒtiment
La Plombier Saint,Saint-Paulet-de-Caisson,72 rue des Ãcoles,30130,0404202650,laplombiersaint@local.fr,Plombier
Les Peintre bÃĒtiment Saint,Saint-AndrÃĐ-de-Roquepertuis,9 rue du Stade,30630,0430303393,lespeintrebÃĒtimentsaint@local.fr,Peintre bÃĒtiment
La Garage automobile Saint,Saint-Nazaire,47 rue des Ãcoles,30200,0416861370,lagarageautomobilesaint@local.fr,Garage automobile
Le Coiffeur Le Garn,Le Garn,71 chemin des Vignes,30760,0452992233,lecoiffeurlegarn@local.fr,Coiffeur
Maison Plombier Saint,Saint-Paulet-de-Caisson,55 rue de la RÃĐpublique,30130,0464755666,maisonplombiersaint@local.fr,Plombier
Entreprise Garage automobile La Roque,La Roque-sur-CÃĻze,119 avenue Jean JaurÃĻs,30200,0454073322,entreprisegarageautomobilelaroque@local.fr,Garage automobile
Les Carreleur Saint,Saint-AndrÃĐ-de-Roquepertuis,30 chemin des Vignes,30630,0470595077,lescarreleursaint@local.fr,Carreleur
Le Bar / CafÃĐ Laval,Laval-Saint-Roman,114 rue de la RÃĐpublique,30760,0400888798,lebarcafÃĐlaval@local.fr,Bar / CafÃĐ
Les Photographe Le Garn,Le Garn,74 rue du Stade,30760,0480576419,lesphotographelegarn@local.fr,Photographe
Le Boulangerie Issirac,Issirac,32 rue des Oliviers,30760,0454505105,leboulangerieissirac@local.fr,Boulangerie
La Librairie Salazac,Salazac,113 rue de la RÃĐpublique,30760,0405623348,lalibrairiesalazac@local.fr,Librairie
Les Agence immobiliÃĻre Sabran,Sabran,9 place de la Mairie,30200,0427346233,lesagenceimmobiliÃĻresabran@local.fr,Agence immobiliÃĻre
Services Carreleur Laudun,Laudun-l'Ardoise,56 rue du Stade,30290,0425562764,servicescarreleurlaudun@local.fr,Carreleur
Les Garage automobile Saint,Saint-Gervais,8 avenue de Provence,30200,0486525290,lesgarageautomobilesaint@local.fr,Garage automobile
Comptoir Institut de beautÃĐ AiguÃĻze,AiguÃĻze,102 place de la Mairie,30760,0457877298,comptoirinstitutdebeautÃĐaiguÃĻze@local.fr,Institut de beautÃĐ
La Peintre bÃĒtiment Saint,Saint-Paulet-de-Caisson,57 avenue de Provence,30130,0455606367,lapeintrebÃĒtimentsaint@local.fr,Peintre bÃĒtiment
Services Librairie Laval,Laval-Saint-Roman,5 avenue Jean JaurÃĻs,30760,0469377556,serviceslibrairielaval@local.fr,Librairie
Services Boucherie Pont,Pont-Saint-Esprit,7 chemin des Vignes,30130,0405886481,servicesboucheriepont@local.fr,Boucherie
Entreprise Librairie Laval,Laval-Saint-Roman,95 place de la Mairie,30760,0446512601,entrepriselibrairielaval@local.fr,Librairie
Boutique Bar / CafÃĐ Montclus,Montclus,22 place de la Mairie,30630,0459705880,boutiquebarcafÃĐmontclus@local.fr,Bar / CafÃĐ
La Menuisier Cornillon,Cornillon,50 avenue du RhÃīne,30630,0493957579,lamenuisiercornillon@local.fr,Menuisier
La Garage automobile Le Garn,Le Garn,9 avenue de Provence,30760,0404099843,lagarageautomobilelegarn@local.fr,Garage automobile
Les Restaurant Lirac,Lirac,5 rue de la RÃĐpublique,30126,0429149734,lesrestaurantlirac@local.fr,Restaurant
Le Peintre bÃĒtiment La Roque,La Roque-sur-CÃĻze,57 rue du Stade,30200,0455363567,lepeintrebÃĒtimentlaroque@local.fr,Peintre bÃĒtiment
Services Paysagiste Connaux,Connaux,98 rue des Ãcoles,30330,0465669329,servicespaysagisteconnaux@local.fr,Paysagiste
Artisan Peintre bÃĒtiment Pont,Pont-Saint-Esprit,35 avenue du RhÃīne,30130,0464260541,artisanpeintrebÃĒtimentpont@local.fr,Peintre bÃĒtiment
Artisan Menuisier Verfeuil,Verfeuil,70 avenue Jean JaurÃĻs,30630,0404007585,artisanmenuisierverfeuil@local.fr,Menuisier
Maison Boucherie VÃĐnÃĐjan,VÃĐnÃĐjan,28 rue des Ãcoles,30200,0447021340,maisonboucherievÃĐnÃĐjan@local.fr,Boucherie
Atelier Menuisier Cornillon,Cornillon,28 rue des Oliviers,30630,0401006515,ateliermenuisiercornillon@local.fr,Menuisier
Le Photographe AiguÃĻze,AiguÃĻze,35 avenue de Provence,30760,0413568265,lephotographeaiguÃĻze@local.fr,Photographe
Le Menuisier Saint,Saint-Julien-de-Peyrolas,44 rue du Stade,30760,0401678111,lemenuisiersaint@local.fr,Menuisier
Comptoir Institut de beautÃĐ Orsan,Orsan,61 rue du Centre,30200,0464435634,comptoirinstitutdebeautÃĐorsan@local.fr,Institut de beautÃĐ
Boutique Boulangerie Saint,Saint-Gervais,85 rue des Ãcoles,30200,0468074043,boutiqueboulangeriesaint@local.fr,Boulangerie
Maison Institut de beautÃĐ Laval,Laval-Saint-Roman,27 avenue de Provence,30760,0425092615,maisoninstitutdebeautÃĐlaval@local.fr,Institut de beautÃĐ
Maison Photographe Saint,Saint-Laurent-des-Arbres,113 rue du Stade,30126,0461147090,maisonphotographesaint@local.fr,Photographe
Les Boulangerie Saint,Saint-AndrÃĐ-de-Roquepertuis,58 rue des Oliviers,30630,0451613196,lesboulangeriesaint@local.fr,Boulangerie
Artisan Menuisier Montclus,Montclus,95 place de la Mairie,30630,0404083083,artisanmenuisiermontclus@local.fr,Menuisier
Maison Ãlectricien Laval,Laval-Saint-Roman,119 chemin des Vignes,30760,0407265356,maisonÃĐlectricienlaval@local.fr,Ãlectricien
La Informatique Issirac,Issirac,46 avenue du RhÃīne,30760,0400156942,lainformatiqueissirac@local.fr,Informatique
Les Paysagiste Laval,Laval-Saint-Roman,69 rue de la RÃĐpublique,30760,0491555817,lespaysagistelaval@local.fr,Paysagiste
La Bar / CafÃĐ Sabran,Sabran,63 rue du Stade,30200,0465997675,labarcafÃĐsabran@local.fr,Bar / CafÃĐ
Entreprise Carreleur Montclus,Montclus,7 rue du Centre,30630,0466166903,entreprisecarreleurmontclus@local.fr,Carreleur
Le Photographe Tavel,Tavel,23 rue de la RÃĐpublique,30126,0421719778,lephotographetavel@local.fr,Photographe
Comptoir Menuisier Cavillargues,Cavillargues,95 place de la Mairie,30330,0431863592,comptoirmenuisiercavillargues@local.fr,Menuisier
Comptoir Librairie Saint,Saint-Nazaire,12 rue de la RÃĐpublique,30200,0455073596,comptoirlibrairiesaint@local.fr,Librairie
Les Garage automobile Cornillon,Cornillon,99 place de la Mairie,30630,0450765478,lesgarageautomobilecornillon@local.fr,Garage automobile
Entreprise Fleuriste Montclus,Montclus,118 avenue du RhÃīne,30630,0484254258,entreprisefleuristemontclus@local.fr,Fleuriste
Comptoir Ãlectricien Montclus,Montclus,52 rue du Stade,30630,0401656973,comptoirÃĐlectricienmontclus@local.fr,Ãlectricien
Le Garage automobile Sabran,Sabran,98 chemin des Vignes,30200,0473257574,legarageautomobilesabran@local.fr,Garage automobile
Maison Ãlectricien Cavillargues,Cavillargues,22 rue des Ãcoles,30330,0496768676,maisonÃĐlectriciencavillargues@local.fr,Ãlectricien
Atelier Paysagiste Chusclan,Chusclan,15 rue des Oliviers,30200,0469784966,atelierpaysagistechusclan@local.fr,Paysagiste
Boutique Carreleur Issirac,Issirac,28 avenue de Provence,30760,0421755842,boutiquecarreleurissirac@local.fr,Carreleur
La Photographe Le Garn,Le Garn,43 chemin des Vignes,30760,0494145921,laphotographelegarn@local.fr,Photographe
Maison Informatique Saint,Saint-AndrÃĐ-de-Roquepertuis,94 avenue de Provence,30630,0406776474,maisoninformatiquesaint@local.fr,Informatique
Le Plombier Carsan,Carsan,49 rue de la RÃĐpublique,30130,0461551962,leplombiercarsan@local.fr,Plombier
Le Garage automobile Saint,Saint-Paulet-de-Caisson,106 avenue de Provence,30130,0493397730,legarageautomobilesaint@local.fr,Garage automobile
Boutique Peintre bÃĒtiment Cavillargues,Cavillargues,112 rue des Oliviers,30330,0457833490,boutiquepeintrebÃĒtimentcavillargues@local.fr,Peintre bÃĒtiment
Boutique Boulangerie Roquemaure,Roquemaure,4 place de la Mairie,30150,0453664175,boutiqueboulangerieroquemaure@local.fr,Boulangerie
Atelier Carreleur Roquemaure,Roquemaure,60 avenue Jean JaurÃĻs,30150,0429004111,ateliercarreleurroquemaure@local.fr,Carreleur
Comptoir Photographe Saint,Saint-Julien-de-Peyrolas,58 avenue du RhÃīne,30760,0431413916,comptoirphotographesaint@local.fr,Photographe
Atelier Boulangerie Cornillon,Cornillon,97 place de la Mairie,30630,0417878872,atelierboulangeriecornillon@local.fr,Boulangerie
Les Plombier La Roque,La Roque-sur-CÃĻze,120 avenue du RhÃīne,30200,0485666153,lesplombierlaroque@local.fr,Plombier
Entreprise Restaurant Orsan,Orsan,77 avenue Jean JaurÃĻs,30200,0486076396,entrepriserestaurantorsan@local.fr,Restaurant
Comptoir Paysagiste Issirac,Issirac,51 rue des Ãcoles,30760,0439621345,comptoirpaysagisteissirac@local.fr,Paysagiste
Comptoir Ãlectricien Roquemaure,Roquemaure,89 chemin des Vignes,30150,0449202792,comptoirÃĐlectricienroquemaure@local.fr,Ãlectricien
Le MaÃ§on Verfeuil,Verfeuil,15 rue de la RÃĐpublique,30630,0401667458,lemaÃ§onverfeuil@local.fr,MaÃ§on
Artisan Institut de beautÃĐ Le Garn,Le Garn,14 avenue Jean JaurÃĻs,30760,0412931889,artisaninstitutdebeautÃĐlegarn@local.fr,Institut de beautÃĐ
Maison Menuisier La Roque,La Roque-sur-CÃĻze,70 rue des Ãcoles,30200,0468449569,maisonmenuisierlaroque@local.fr,Menuisier
Maison Bar / CafÃĐ Tavel,Tavel,32 chemin des Vignes,30126,0418621543,maisonbarcafÃĐtavel@local.fr,Bar / CafÃĐ
Boutique Paysagiste Saint,Saint-Gervais,56 chemin des Vignes,30200,0499746246,boutiquepaysagistesaint@local.fr,Paysagiste
Atelier Menuisier VÃĐnÃĐjan,VÃĐnÃĐjan,8 place de la Mairie,30200,0430209504,ateliermenuisiervÃĐnÃĐjan@local.fr,Menuisier
La Peintre bÃĒtiment Issirac,Issirac,13 avenue de Provence,30760,0497840646,lapeintrebÃĒtimentissirac@local.fr,Peintre bÃĒtiment
Le Boulangerie Tavel,Tavel,52 rue du Centre,30126,0428833834,leboulangerietavel@local.fr,Boulangerie
Comptoir Plombier Sabran,Sabran,111 rue du Centre,30200,0471789259,comptoirplombiersabran@local.fr,Plombier
Le MaÃ§on Connaux,Connaux,37 chemin des Vignes,30330,0447932051,lemaÃ§onconnaux@local.fr,MaÃ§on
Maison Restaurant Goudargues,Goudargues,15 avenue de Provence,30630,0442470263,maisonrestaurantgoudargues@local.fr,Restaurant
Le Peintre bÃĒtiment Sabran,Sabran,111 rue du Stade,30200,0444639502,lepeintrebÃĒtimentsabran@local.fr,Peintre bÃĒtiment
Boutique Boucherie Lirac,Lirac,46 rue des Ãcoles,30126,0466782909,boutiqueboucherielirac@local.fr,Boucherie
Services Paysagiste Chusclan,Chusclan,25 rue du Stade,30200,0472760092,servicespaysagistechusclan@local.fr,Paysagiste
Maison Peintre bÃĒtiment Salazac,Salazac,63 rue des Ãcoles,30760,0480246477,maisonpeintrebÃĒtimentsalazac@local.fr,Peintre bÃĒtiment
Atelier Boucherie Bagnols,Bagnols-sur-CÃĻze,47 rue de la RÃĐpublique,30200,0418554181,atelierboucheriebagnols@local.fr,Boucherie
Boutique Coiffeur Goudargues,Goudargues,106 avenue Jean JaurÃĻs,30630,0450458134,boutiquecoiffeurgoudargues@local.fr,Coiffeur
La Institut de beautÃĐ Le Garn,Le Garn,39 avenue Jean JaurÃĻs,30760,0428870209,lainstitutdebeautÃĐlegarn@local.fr,Institut de beautÃĐ
Atelier Fleuriste Pont,Pont-Saint-Esprit,107 avenue du RhÃīne,30130,0443817748,atelierfleuristepont@local.fr,Fleuriste
Les Coiffeur Cornillon,Cornillon,66 rue des Ãcoles,30630,0467578435,lescoiffeurcornillon@local.fr,Coiffeur
Maison Boulangerie Saint,Saint-Gervais,13 place de la Mairie,30200,0416418093,maisonboulangeriesaint@local.fr,Boulangerie
Services Carreleur Montclus,Montclus,43 rue du Stade,30630,0403650989,servicescarreleurmontclus@local.fr,Carreleur
Entreprise Informatique Goudargues,Goudargues,16 rue des Oliviers,30630,0449087567,entrepriseinformatiquegoudargues@local.fr,Informatique
Boutique Institut de beautÃĐ Saint,Saint-Laurent-des-Arbres,117 rue de la RÃĐpublique,30126,0440387668,boutiqueinstitutdebeautÃĐsaint@local.fr,Institut de beautÃĐ
Atelier Ãpicerie Roquemaure,Roquemaure,91 rue du Centre,30150,0405574386,atelierÃĐpicerieroquemaure@local.fr,Ãpicerie
Le Paysagiste Cornillon,Cornillon,109 rue du Centre,30630,0468531922,lepaysagistecornillon@local.fr,Paysagiste
Services Garage automobile Carsan,Carsan,13 rue du Centre,30130,0474681437,servicesgarageautomobilecarsan@local.fr,Garage automobile
Maison Librairie Carsan,Carsan,80 avenue de Provence,30130,0412356304,maisonlibrairiecarsan@local.fr,Librairie
Atelier Plombier Connaux,Connaux,114 place de la Mairie,30330,0413718778,atelierplombierconnaux@local.fr,Plombier
Boutique Librairie Connaux,Connaux,102 avenue Jean JaurÃĻs,30330,0488353122,boutiquelibrairieconnaux@local.fr,Librairie
Le Bar / CafÃĐ La Roque,La Roque-sur-CÃĻze,20 avenue du RhÃīne,30200,0412405134,lebarcafÃĐlaroque@local.fr,Bar / CafÃĐ
Les Paysagiste Salazac,Salazac,116 rue du Centre,30760,0444290899,lespaysagistesalazac@local.fr,Paysagiste
Artisan Plombier Le Garn,Le Garn,108 place de la Mairie,30760,0420272752,artisanplombierlegarn@local.fr,Plombier
Artisan Peintre bÃĒtiment Roquemaure,Roquemaure,41 avenue de Provence,30150,0439811872,artisanpeintrebÃĒtimentroquemaure@local.fr,Peintre bÃĒtiment
Services Coiffeur Laval,Laval-Saint-Roman,75 rue de la RÃĐpublique,30760,0402025613,servicescoiffeurlaval@local.fr,Coiffeur
La Agence immobiliÃĻre Saint,Saint-Gervais,14 rue du Stade,30200,0434178350,laagenceimmobiliÃĻresaint@local.fr,Agence immobiliÃĻre
Entreprise Ãpicerie Tresques,Tresques,19 avenue Jean JaurÃĻs,30330,0472396090,entrepriseÃĐpicerietresques@local.fr,Ãpicerie
Atelier Fleuriste Goudargues,Goudargues,52 chemin des Vignes,30630,0469345300,atelierfleuristegoudargues@local.fr,Fleuriste
Services Garage automobile Sabran,Sabran,20 avenue Jean JaurÃĻs,30200,0467592689,servicesgarageautomobilesabran@local.fr,Garage automobile
Maison Fleuriste Tavel,Tavel,90 rue des Oliviers,30126,0400932460,maisonfleuristetavel@local.fr,Fleuriste
Les Institut de beautÃĐ Saint,Saint-Paulet-de-Caisson,21 avenue de Provence,30130,0472990877,lesinstitutdebeautÃĐsaint@local.fr,Institut de beautÃĐ
Services Paysagiste Roquemaure,Roquemaure,19 avenue du RhÃīne,30150,0444649548,servicespaysagisteroquemaure@local.fr,Paysagiste
Artisan Paysagiste La Roque,La Roque-sur-CÃĻze,77 rue du Centre,30200,0439580095,artisanpaysagistelaroque@local.fr,Paysagiste
Les Institut de beautÃĐ Le Garn,Le Garn,27 avenue du RhÃīne,30760,0491298122,lesinstitutdebeautÃĐlegarn@local.fr,Institut de beautÃĐ
Entreprise Institut de beautÃĐ Lirac,Lirac,80 rue du Centre,30126,0457826113,entrepriseinstitutdebeautÃĐlirac@local.fr,Institut de beautÃĐ
Artisan Librairie Saint,Saint-AndrÃĐ-de-Roquepertuis,50 rue du Stade,30630,0416928929,artisanlibrairiesaint@local.fr,Librairie
Le Menuisier Saint,Saint-Laurent-des-Arbres,111 rue du Stade,30126,0499124014,lemenuisiersaint@local.fr,Menuisier
Entreprise Peintre bÃĒtiment Carsan,Carsan,98 place de la Mairie,30130,0415802310,entreprisepeintrebÃĒtimentcarsan@local.fr,Peintre bÃĒtiment
La Peintre bÃĒtiment Cavillargues,Cavillargues,93 chemin des Vignes,30330,0443536588,lapeintrebÃĒtimentcavillargues@local.fr,Peintre bÃĒtiment
La Ãlectricien Saint,Saint-Nazaire,7 avenue Jean JaurÃĻs,30200,0488191568,laÃĐlectriciensaint@local.fr,Ãlectricien
Maison Informatique Cavillargues,Cavillargues,85 rue du Centre,30330,0491829539,maisoninformatiquecavillargues@local.fr,Informatique
Maison Restaurant Saint,Saint-Gervais,23 avenue de Provence,30200,0412494403,maisonrestaurantsaint@local.fr,Restaurant
Entreprise Coiffeur Sabran,Sabran,115 rue des Ãcoles,30200,0463917845,entreprisecoiffeursabran@local.fr,Coiffeur
Services Menuisier Cavillargues,Cavillargues,81 avenue Jean JaurÃĻs,30330,0479574414,servicesmenuisiercavillargues@local.fr,Menuisier
Les Institut de beautÃĐ Lirac,Lirac,11 avenue de Provence,30126,0464357967,lesinstitutdebeautÃĐlirac@local.fr,Institut de beautÃĐ
Entreprise Photographe Le Garn,Le Garn,95 place de la Mairie,30760,0491359994,entreprisephotographelegarn@local.fr,Photographe
Services Bar / CafÃĐ La Roque,La Roque-sur-CÃĻze,62 avenue de Provence,30200,0447525602,servicesbarcafÃĐlaroque@local.fr,Bar / CafÃĐ
Le Informatique Saint,Saint-Gervais,14 avenue Jean JaurÃĻs,30200,0478023298,leinformatiquesaint@local.fr,Informatique
La Boucherie Laudun,Laudun-l'Ardoise,7 avenue de Provence,30290,0437433248,laboucherielaudun@local.fr,Boucherie
Comptoir Boucherie AiguÃĻze,AiguÃĻze,70 rue des Ãcoles,30760,0462934736,comptoirboucherieaiguÃĻze@local.fr,Boucherie
Services Coiffeur Carsan,Carsan,83 rue des Oliviers,30130,0409345473,servicescoiffeurcarsan@local.fr,Coiffeur
Le Informatique Tavel,Tavel,8 rue des Ãcoles,30126,0434615397,leinformatiquetavel@local.fr,Informatique
Les Peintre bÃĒtiment Codolet,Codolet,26 avenue Jean JaurÃĻs,30200,0460405740,lespeintrebÃĒtimentcodolet@local.fr,Peintre bÃĒtiment
Artisan Bar / CafÃĐ Saint,Saint-Julien-de-Peyrolas,20 rue des Ãcoles,30760,0479990175,artisanbarcafÃĐsaint@local.fr,Bar / CafÃĐ
Maison Ãpicerie Laval,Laval-Saint-Roman,20 rue des Oliviers,30760,0433367503,maisonÃĐpicerielaval@local.fr,Ãpicerie
Boutique Coiffeur Saint,Saint-Gervais,103 rue de la RÃĐpublique,30200,0478679752,boutiquecoiffeursaint@local.fr,Coiffeur
Maison Ãlectricien Connaux,Connaux,92 avenue Jean JaurÃĻs,30330,0406507001,maisonÃĐlectricienconnaux@local.fr,Ãlectricien
Atelier Informatique Pont,Pont-Saint-Esprit,56 rue du Centre,30130,0456058834,atelierinformatiquepont@local.fr,Informatique
Services Menuisier Tavel,Tavel,102 rue de la RÃĐpublique,30126,0430763803,servicesmenuisiertavel@local.fr,Menuisier
Services Peintre bÃĒtiment Salazac,Salazac,46 rue de la RÃĐpublique,30760,0422521399,servicespeintrebÃĒtimentsalazac@local.fr,Peintre bÃĒtiment
Boutique Menuisier Orsan,Orsan,46 rue des Oliviers,30200,0443948716,boutiquemenuisierorsan@local.fr,Menuisier
Artisan Coiffeur Orsan,Orsan,9 avenue Jean JaurÃĻs,30200,0418272250,artisancoiffeurorsan@local.fr,Coiffeur
Services Plombier Cornillon,Cornillon,36 place de la Mairie,30630,0416233328,servicesplombiercornillon@local.fr,Plombier
Atelier Ãpicerie Orsan,Orsan,39 rue de la RÃĐpublique,30200,0413879857,atelierÃĐpicerieorsan@local.fr,Ãpicerie
La Institut de beautÃĐ La Roque,La Roque-sur-CÃĻze,75 avenue de Provence,30200,0413986230,lainstitutdebeautÃĐlaroque@local.fr,Institut de beautÃĐ
Entreprise Photographe AiguÃĻze,AiguÃĻze,32 rue des Ãcoles,30760,0438956474,entreprisephotographeaiguÃĻze@local.fr,Photographe
